Cell,GR50,Class.mc,Class.kde,DrugSensitivity.mc,DrugSensitivity.kde,CCA.Subgroup,Drug
HuCCA-1,-0.604153762194815,1,1,Sensitive,Sensitive,Subgroup 1,A443654
HuCCT-1,-0.834098938470215,1,1,Sensitive,Sensitive,Subgroup 2,A443654
HuH-28,-1.36914720094237,1,1,Sensitive,Sensitive,Subgroup 2,A443654
KKK-D068,0.233228869470625,1,2,Sensitive,Resistant,Subgroup 2,A443654
KKK-D131,0.160335508450483,1,2,Sensitive,Resistant,Subgroup 2,A443654
KKK-D138,-1.03124268974083,1,1,Sensitive,Sensitive,Subgroup 1,A443654
KKU-055,-1.02611507598594,1,1,Sensitive,Sensitive,Subgroup 2,A443654
KKU-100,1.55323302337877,2,2,Resistant,Resistant,Subgroup 2,A443654
KKU-156,1.24547613322499,2,2,Resistant,Resistant,Subgroup 1,A443654
KKU-213,-0.102121937004883,1,1,Sensitive,Sensitive,Subgroup 1,A443654
KKU-214,-0.118846980983222,1,1,Sensitive,Sensitive,Subgroup 1,A443654
RBE,-0.476198480234158,1,1,Sensitive,Sensitive,Subgroup 1,A443654
SSP-25,-0.495269795422819,1,1,Sensitive,Sensitive,Subgroup 2,A443654
TFK-1,1.04259213730452,2,2,Resistant,Resistant,Subgroup 2,A443654
YSCCC,1.82232918914988,2,2,Resistant,Resistant,Subgroup 2,A443654
HuCCA-1,0.388747638508419,1,2,Sensitive,Resistant,Subgroup 1,Abemaciclib
HuCCT-1,-0.795973734308842,1,1,Sensitive,Sensitive,Subgroup 2,Abemaciclib
HuH-28,0.0794450971142482,1,2,Sensitive,Resistant,Subgroup 2,Abemaciclib
KKK-D068,1.05306326586768,1,2,Sensitive,Resistant,Subgroup 2,Abemaciclib
KKK-D131,-0.947592448196887,1,1,Sensitive,Sensitive,Subgroup 2,Abemaciclib
KKK-D138,-1.31978275127612,1,1,Sensitive,Sensitive,Subgroup 1,Abemaciclib
KKU-055,2.20234002056883,2,2,Resistant,Resistant,Subgroup 2,Abemaciclib
KKU-100,0.133087906972524,1,2,Sensitive,Resistant,Subgroup 2,Abemaciclib
KKU-156,-0.672085551485741,1,1,Sensitive,Sensitive,Subgroup 1,Abemaciclib
KKU-213,1.17145579605919,2,2,Resistant,Resistant,Subgroup 1,Abemaciclib
KKU-214,0.465158802694055,1,2,Sensitive,Resistant,Subgroup 1,Abemaciclib
RBE,-1.50307614849582,1,1,Sensitive,Sensitive,Subgroup 1,Abemaciclib
SSP-25,-0.316358958690653,1,1,Sensitive,Sensitive,Subgroup 2,Abemaciclib
TFK-1,0.339556181489013,1,2,Sensitive,Resistant,Subgroup 2,Abemaciclib
YSCCC,-0.277985116819893,1,1,Sensitive,Sensitive,Subgroup 2,Abemaciclib
HuCCA-1,-2.75914576317636,1,1,Sensitive,Sensitive,Subgroup 1,Afatinib
HuCCT-1,0.486008955120006,2,2,Resistant,Resistant,Subgroup 2,Afatinib
HuH-28,-0.130561444560329,2,1,Resistant,Sensitive,Subgroup 2,Afatinib
KKK-D068,0.331852119170178,2,2,Resistant,Resistant,Subgroup 2,Afatinib
KKK-D131,0.718546875562628,2,2,Resistant,Resistant,Subgroup 2,Afatinib
KKK-D138,0.275276002987701,2,2,Resistant,Resistant,Subgroup 1,Afatinib
KKU-055,0.2945921502614,2,2,Resistant,Resistant,Subgroup 2,Afatinib
KKU-100,0.818932767001573,2,2,Resistant,Resistant,Subgroup 2,Afatinib
KKU-156,-0.0301529284943272,2,1,Resistant,Sensitive,Subgroup 1,Afatinib
KKU-213,0.0957080167222393,2,2,Resistant,Resistant,Subgroup 1,Afatinib
KKU-214,-0.251354913830083,2,1,Resistant,Sensitive,Subgroup 1,Afatinib
RBE,0.372555434595951,2,2,Resistant,Resistant,Subgroup 1,Afatinib
SSP-25,0.487298953005981,2,2,Resistant,Resistant,Subgroup 2,Afatinib
TFK-1,1.05464988805918,2,2,Resistant,Resistant,Subgroup 2,Afatinib
YSCCC,-1.76420611242574,1,1,Sensitive,Sensitive,Subgroup 2,Afatinib
HuCCA-1,-1.40180487882765,1,1,Sensitive,Sensitive,Subgroup 1,Azacitidine
HuCCT-1,-0.10924315703792,1,1,Sensitive,Sensitive,Subgroup 2,Azacitidine
HuH-28,1.18464973409561,2,2,Resistant,Resistant,Subgroup 2,Azacitidine
KKK-D068,0.930539889308525,2,2,Resistant,Resistant,Subgroup 2,Azacitidine
KKK-D131,0.901638890759146,2,2,Resistant,Resistant,Subgroup 2,Azacitidine
KKK-D138,-0.760434471778295,1,1,Sensitive,Sensitive,Subgroup 1,Azacitidine
KKU-055,0.2511373331303,1,2,Sensitive,Resistant,Subgroup 2,Azacitidine
KKU-100,1.09553033246276,2,2,Resistant,Resistant,Subgroup 2,Azacitidine
KKU-156,-0.713564218776102,1,1,Sensitive,Sensitive,Subgroup 1,Azacitidine
KKU-213,-2.10962947853436,1,1,Sensitive,Sensitive,Subgroup 1,Azacitidine
KKU-214,-0.617170855819473,1,1,Sensitive,Sensitive,Subgroup 1,Azacitidine
RBE,-0.264100135950353,1,1,Sensitive,Sensitive,Subgroup 1,Azacitidine
SSP-25,0.525331574554027,1,2,Sensitive,Resistant,Subgroup 2,Azacitidine
TFK-1,-0.0975302916818291,1,1,Sensitive,Sensitive,Subgroup 2,Azacitidine
YSCCC,1.18464973409561,2,2,Resistant,Resistant,Subgroup 2,Azacitidine
HuCCA-1,0.715216982390191,2,2,Resistant,Resistant,Subgroup 1,AZD4547
HuCCT-1,-0.126160219719074,2,1,Resistant,Sensitive,Subgroup 2,AZD4547
HuH-28,-1.30918264206912,1,1,Sensitive,Sensitive,Subgroup 2,AZD4547
KKK-D068,0.115516283327707,2,2,Resistant,Resistant,Subgroup 2,AZD4547
KKK-D131,0.715216982390191,2,2,Resistant,Resistant,Subgroup 2,AZD4547
KKK-D138,-1.8965069293658,1,1,Sensitive,Sensitive,Subgroup 1,AZD4547
KKU-055,-2.28391986123841,1,1,Sensitive,Sensitive,Subgroup 2,AZD4547
KKU-100,0.715216982390191,2,2,Resistant,Resistant,Subgroup 2,AZD4547
KKU-156,0.370183729444178,2,2,Resistant,Resistant,Subgroup 1,AZD4547
KKU-213,0.154949756440019,2,2,Resistant,Resistant,Subgroup 1,AZD4547
KKU-214,0.339733206856504,2,2,Resistant,Resistant,Subgroup 1,AZD4547
RBE,0.685456988219209,2,2,Resistant,Resistant,Subgroup 1,AZD4547
SSP-25,0.373844776153832,2,2,Resistant,Resistant,Subgroup 2,AZD4547
TFK-1,0.715216982390191,2,2,Resistant,Resistant,Subgroup 2,AZD4547
YSCCC,0.715216982390191,2,2,Resistant,Resistant,Subgroup 2,AZD4547
HuCCA-1,-0.427472307148459,1,1,Sensitive,Sensitive,Subgroup 1,AZD8055
HuCCT-1,-0.16160755272686,1,1,Sensitive,Sensitive,Subgroup 2,AZD8055
HuH-28,2.36144828917682,2,2,Resistant,Resistant,Subgroup 2,AZD8055
KKK-D068,0.832977742087238,1,2,Sensitive,Resistant,Subgroup 2,AZD8055
KKK-D131,-1.6894409269868,1,1,Sensitive,Sensitive,Subgroup 2,AZD8055
KKK-D138,-0.872143828592349,1,1,Sensitive,Sensitive,Subgroup 1,AZD8055
KKU-055,-0.35151378069816,1,1,Sensitive,Sensitive,Subgroup 2,AZD8055
KKU-100,-0.815996178327949,1,1,Sensitive,Sensitive,Subgroup 2,AZD8055
KKU-156,-0.706298871874579,1,1,Sensitive,Sensitive,Subgroup 1,AZD8055
KKU-213,0.875174255289177,1,2,Sensitive,Resistant,Subgroup 1,AZD8055
KKU-214,1.01507499182847,1,2,Sensitive,Resistant,Subgroup 1,AZD8055
RBE,0.393342429585239,1,2,Sensitive,Resistant,Subgroup 1,AZD8055
SSP-25,0.438472603376582,1,2,Sensitive,Resistant,Subgroup 2,AZD8055
TFK-1,-0.6417307262603,1,1,Sensitive,Sensitive,Subgroup 2,AZD8055
YSCCC,-0.250286138728065,1,1,Sensitive,Sensitive,Subgroup 2,AZD8055
HuCCA-1,-1.0388128400511,1,1,Sensitive,Sensitive,Subgroup 1,BAY11-7082
HuCCT-1,-0.00622818573362251,2,1,Resistant,Sensitive,Subgroup 2,BAY11-7082
HuH-28,-1.81394488798283,1,1,Sensitive,Sensitive,Subgroup 2,BAY11-7082
KKK-D068,0.331221251750813,2,2,Resistant,Resistant,Subgroup 2,BAY11-7082
KKK-D131,0.897560750029128,2,2,Resistant,Resistant,Subgroup 2,BAY11-7082
KKK-D138,0.699979510912138,2,2,Resistant,Resistant,Subgroup 1,BAY11-7082
KKU-055,-2.12118749805061,1,1,Sensitive,Sensitive,Subgroup 2,BAY11-7082
KKU-100,-0.468966821348781,2,1,Resistant,Sensitive,Subgroup 2,BAY11-7082
KKU-156,-0.104419210154188,2,1,Resistant,Sensitive,Subgroup 1,BAY11-7082
KKU-213,0.882352517880769,2,2,Resistant,Resistant,Subgroup 1,BAY11-7082
KKU-214,0.939431200884401,2,2,Resistant,Resistant,Subgroup 1,BAY11-7082
RBE,-0.0474537204120118,2,1,Resistant,Sensitive,Subgroup 1,BAY11-7082
SSP-25,1.22844828640874,2,2,Resistant,Resistant,Subgroup 2,BAY11-7082
TFK-1,0.564979344093551,2,2,Resistant,Resistant,Subgroup 2,BAY11-7082
YSCCC,0.0570403017735974,2,1,Resistant,Sensitive,Subgroup 2,BAY11-7082
HuCCA-1,1.49538406662356,2,2,Resistant,Resistant,Subgroup 1,BEZ-235
HuCCT-1,-0.511110004128811,1,1,Sensitive,Sensitive,Subgroup 2,BEZ-235
HuH-28,1.66756376009772,2,2,Resistant,Resistant,Subgroup 2,BEZ-235
KKK-D068,0.158016286856012,2,2,Resistant,Resistant,Subgroup 2,BEZ-235
KKK-D131,-1.36270379644478,1,1,Sensitive,Sensitive,Subgroup 2,BEZ-235
KKK-D138,-0.762482705792153,1,1,Sensitive,Sensitive,Subgroup 1,BEZ-235
KKU-055,0.255781788499664,2,2,Resistant,Resistant,Subgroup 2,BEZ-235
KKU-100,-1.36270379644478,1,1,Sensitive,Sensitive,Subgroup 2,BEZ-235
KKU-156,-0.497313221005377,1,1,Sensitive,Sensitive,Subgroup 1,BEZ-235
KKU-213,1.04558622977464,2,2,Resistant,Resistant,Subgroup 1,BEZ-235
KKU-214,0.702133918364204,2,2,Resistant,Resistant,Subgroup 1,BEZ-235
RBE,0.557299486742555,2,2,Resistant,Resistant,Subgroup 1,BEZ-235
SSP-25,0.397747758560064,2,2,Resistant,Resistant,Subgroup 2,BEZ-235
TFK-1,-0.420495975257725,1,1,Sensitive,Sensitive,Subgroup 2,BEZ-235
YSCCC,-1.36270379644478,1,1,Sensitive,Sensitive,Subgroup 2,BEZ-235
HuCCA-1,0.146426353081902,2,2,Resistant,Resistant,Subgroup 1,BGJ398-Nov
HuCCT-1,0.258489507590023,2,2,Resistant,Resistant,Subgroup 2,BGJ398-Nov
HuH-28,-3.09655630383996,1,1,Sensitive,Sensitive,Subgroup 2,BGJ398-Nov
KKK-D068,0.19296197993131,2,2,Resistant,Resistant,Subgroup 2,BGJ398-Nov
KKK-D131,0.531355374618244,2,2,Resistant,Resistant,Subgroup 2,BGJ398-Nov
KKK-D138,-1.31269134808854,1,1,Sensitive,Sensitive,Subgroup 1,BGJ398-Nov
KKU-055,-0.172394303812148,2,1,Resistant,Sensitive,Subgroup 2,BGJ398-Nov
KKU-100,0.755981502526201,2,2,Resistant,Resistant,Subgroup 2,BGJ398-Nov
KKU-156,0.186855505852773,2,2,Resistant,Resistant,Subgroup 1,BGJ398-Nov
KKU-213,0.0646307314643002,2,2,Resistant,Resistant,Subgroup 1,BGJ398-Nov
KKU-214,0.0953297772626302,2,2,Resistant,Resistant,Subgroup 1,BGJ398-Nov
RBE,0.680643780207039,2,2,Resistant,Resistant,Subgroup 1,BGJ398-Nov
SSP-25,0.15700443815383,2,2,Resistant,Resistant,Subgroup 2,BGJ398-Nov
TFK-1,0.755981502526201,2,2,Resistant,Resistant,Subgroup 2,BGJ398-Nov
YSCCC,0.755981502526201,2,2,Resistant,Resistant,Subgroup 2,BGJ398-Nov
HuCCA-1,0.776884795560153,2,2,Resistant,Resistant,Subgroup 1,BGJ398-NVP
HuCCT-1,0.262390554583012,2,2,Resistant,Resistant,Subgroup 2,BGJ398-NVP
HuH-28,-0.896112339615006,2,1,Resistant,Sensitive,Subgroup 2,BGJ398-NVP
KKK-D068,-0.245672681688295,2,1,Resistant,Sensitive,Subgroup 2,BGJ398-NVP
KKK-D131,0.912515907898577,2,2,Resistant,Resistant,Subgroup 2,BGJ398-NVP
KKK-D138,-1.95925155657421,1,1,Sensitive,Sensitive,Subgroup 1,BGJ398-NVP
KKU-055,-2.27675609569994,1,1,Sensitive,Sensitive,Subgroup 2,BGJ398-NVP
KKU-100,-0.0679885668507549,2,2,Resistant,Resistant,Subgroup 2,BGJ398-NVP
KKU-156,0.0564227190635241,2,2,Resistant,Resistant,Subgroup 1,BGJ398-NVP
KKU-213,0.195421310705425,2,2,Resistant,Resistant,Subgroup 1,BGJ398-NVP
KKU-214,0.0931459017166261,2,2,Resistant,Resistant,Subgroup 1,BGJ398-NVP
RBE,0.741891663786441,2,2,Resistant,Resistant,Subgroup 1,BGJ398-NVP
SSP-25,0.582076571317293,2,2,Resistant,Resistant,Subgroup 2,BGJ398-NVP
TFK-1,0.912515907898577,2,2,Resistant,Resistant,Subgroup 2,BGJ398-NVP
YSCCC,0.912515907898577,2,2,Resistant,Resistant,Subgroup 2,BGJ398-NVP
HuCCA-1,0.672162812288667,2,2,Resistant,Resistant,Subgroup 1,Birinapant
HuCCT-1,0.672162812288667,2,2,Resistant,Resistant,Subgroup 2,Birinapant
HuH-28,0.537590255359035,2,2,Resistant,Resistant,Subgroup 2,Birinapant
KKK-D068,-2.5392708747233,1,1,Sensitive,Sensitive,Subgroup 2,Birinapant
KKK-D131,0.372724849861376,2,2,Resistant,Resistant,Subgroup 2,Birinapant
KKK-D138,0.672162812288667,2,2,Resistant,Resistant,Subgroup 1,Birinapant
KKU-055,0.440377045399251,2,2,Resistant,Resistant,Subgroup 2,Birinapant
KKU-100,-0.755243636160941,1,1,Sensitive,Sensitive,Subgroup 2,Birinapant
KKU-156,-1.09745704353914,1,1,Sensitive,Sensitive,Subgroup 1,Birinapant
KKU-213,-1.38356590454063,1,1,Sensitive,Sensitive,Subgroup 1,Birinapant
KKU-214,-0.280294377676316,2,1,Resistant,Sensitive,Subgroup 1,Birinapant
RBE,0.672162812288667,2,2,Resistant,Resistant,Subgroup 1,Birinapant
SSP-25,0.672162812288667,2,2,Resistant,Resistant,Subgroup 2,Birinapant
TFK-1,0.672162812288667,2,2,Resistant,Resistant,Subgroup 2,Birinapant
YSCCC,0.672162812288667,2,2,Resistant,Resistant,Subgroup 2,Birinapant
HuCCA-1,-0.969092756625776,1,1,Sensitive,Sensitive,Subgroup 1,Bleomycin
HuCCT-1,0.00795694480557092,1,1,Sensitive,Sensitive,Subgroup 2,Bleomycin
HuH-28,0.330014670198937,1,2,Sensitive,Resistant,Subgroup 2,Bleomycin
KKK-D068,-0.654084515184511,1,1,Sensitive,Sensitive,Subgroup 2,Bleomycin
KKK-D131,-0.0304726729986671,1,1,Sensitive,Sensitive,Subgroup 2,Bleomycin
KKK-D138,-0.203995407365693,1,1,Sensitive,Sensitive,Subgroup 1,Bleomycin
KKU-055,-0.898598335663256,1,1,Sensitive,Sensitive,Subgroup 2,Bleomycin
KKU-100,-1.56657706189627,1,1,Sensitive,Sensitive,Subgroup 2,Bleomycin
KKU-156,1.12045679179564,2,2,Resistant,Resistant,Subgroup 1,Bleomycin
KKU-213,1.38530496365933,2,2,Resistant,Resistant,Subgroup 1,Bleomycin
KKU-214,1.28684973637393,2,2,Resistant,Resistant,Subgroup 1,Bleomycin
RBE,-0.663141026313799,1,1,Sensitive,Sensitive,Subgroup 1,Bleomycin
SSP-25,-1.12200917737645,1,1,Sensitive,Sensitive,Subgroup 2,Bleomycin
TFK-1,1.59520313152965,2,2,Resistant,Resistant,Subgroup 2,Bleomycin
YSCCC,0.38218471506136,1,2,Sensitive,Resistant,Subgroup 2,Bleomycin
HuCCA-1,-2.17754826572269,1,1,Sensitive,Sensitive,Subgroup 1,Bosutinib
HuCCT-1,0.433455176809902,2,2,Resistant,Resistant,Subgroup 2,Bosutinib
HuH-28,-0.439042566472861,2,1,Resistant,Sensitive,Subgroup 2,Bosutinib
KKK-D068,1.22305176258258,2,2,Resistant,Resistant,Subgroup 2,Bosutinib
KKK-D131,0.911271146602054,2,2,Resistant,Resistant,Subgroup 2,Bosutinib
KKK-D138,-0.114381126289571,2,1,Resistant,Sensitive,Subgroup 1,Bosutinib
KKU-055,0.847555150506601,2,2,Resistant,Resistant,Subgroup 2,Bosutinib
KKU-100,0.357015653877135,2,2,Resistant,Resistant,Subgroup 2,Bosutinib
KKU-156,-0.771722356830988,1,1,Sensitive,Sensitive,Subgroup 1,Bosutinib
KKU-213,-1.26031413756971,1,1,Sensitive,Sensitive,Subgroup 1,Bosutinib
KKU-214,-1.2998761567159,1,1,Sensitive,Sensitive,Subgroup 1,Bosutinib
RBE,0.0617729419988823,2,2,Resistant,Resistant,Subgroup 1,Bosutinib
SSP-25,0.653847710370048,2,2,Resistant,Resistant,Subgroup 2,Bosutinib
TFK-1,0.516033959232159,2,2,Resistant,Resistant,Subgroup 2,Bosutinib
YSCCC,1.05888110762236,2,2,Resistant,Resistant,Subgroup 2,Bosutinib
HuCCA-1,-2.41948695549866,1,1,Sensitive,Sensitive,Subgroup 1,Bupalisib
HuCCT-1,-0.231863314772627,2,1,Resistant,Sensitive,Subgroup 2,Bupalisib
HuH-28,-0.497882264367291,2,1,Resistant,Sensitive,Subgroup 2,Bupalisib
KKK-D068,0.138505198288422,2,2,Resistant,Resistant,Subgroup 2,Bupalisib
KKK-D131,1.22203522315142,2,2,Resistant,Resistant,Subgroup 2,Bupalisib
KKK-D138,0.0999820591895353,2,2,Resistant,Resistant,Subgroup 1,Bupalisib
KKU-055,-0.473900587670376,2,1,Resistant,Sensitive,Subgroup 2,Bupalisib
KKU-100,-1.05449423960372,2,1,Resistant,Sensitive,Subgroup 2,Bupalisib
KKU-156,0.560613733899189,2,2,Resistant,Resistant,Subgroup 1,Bupalisib
KKU-213,1.58813638457975,2,2,Resistant,Resistant,Subgroup 1,Bupalisib
KKU-214,-0.00448885796336232,2,1,Resistant,Sensitive,Subgroup 1,Bupalisib
RBE,1.1713311176997,2,2,Resistant,Resistant,Subgroup 1,Bupalisib
SSP-25,-0.280147307174218,2,1,Resistant,Sensitive,Subgroup 2,Bupalisib
TFK-1,0.674722506688551,2,2,Resistant,Resistant,Subgroup 2,Bupalisib
YSCCC,-0.493062696446314,2,1,Resistant,Sensitive,Subgroup 2,Bupalisib
HuCCA-1,-1.75651972577495,1,1,Sensitive,Sensitive,Subgroup 1,BYL719
HuCCT-1,0.774415386625014,2,2,Resistant,Resistant,Subgroup 2,BYL719
HuH-28,-1.10064677684982,1,1,Sensitive,Sensitive,Subgroup 2,BYL719
KKK-D068,0.774415386625014,2,2,Resistant,Resistant,Subgroup 2,BYL719
KKK-D131,0.774415386625014,2,2,Resistant,Resistant,Subgroup 2,BYL719
KKK-D138,-2.12413220355649,1,1,Sensitive,Sensitive,Subgroup 1,BYL719
KKU-055,0.774415386625014,2,2,Resistant,Resistant,Subgroup 2,BYL719
KKU-100,0.274418960246787,2,2,Resistant,Resistant,Subgroup 2,BYL719
KKU-156,0.336535737662687,2,2,Resistant,Resistant,Subgroup 1,BYL719
KKU-213,0.153975028297308,2,2,Resistant,Resistant,Subgroup 1,BYL719
KKU-214,0.497329735972976,2,2,Resistant,Resistant,Subgroup 1,BYL719
RBE,0.774415386625014,2,2,Resistant,Resistant,Subgroup 1,BYL719
SSP-25,0.129261873981907,2,2,Resistant,Resistant,Subgroup 2,BYL719
TFK-1,0.774415386625014,2,2,Resistant,Resistant,Subgroup 2,BYL719
YSCCC,-1.05671494973049,1,1,Sensitive,Sensitive,Subgroup 2,BYL719
HuCCA-1,-0.924383988948721,2,1,Resistant,Sensitive,Subgroup 1,Caffeic APE
HuCCT-1,0.65773750585154,2,2,Resistant,Resistant,Subgroup 2,Caffeic APE
HuH-28,-0.493271653995405,2,1,Resistant,Sensitive,Subgroup 2,Caffeic APE
KKK-D068,0.602181007131631,2,2,Resistant,Resistant,Subgroup 2,Caffeic APE
KKK-D131,0.65773750585154,2,2,Resistant,Resistant,Subgroup 2,Caffeic APE
KKK-D138,0.65773750585154,2,2,Resistant,Resistant,Subgroup 1,Caffeic APE
KKU-055,-2.92861335303792,1,1,Sensitive,Sensitive,Subgroup 2,Caffeic APE
KKU-100,0.65773750585154,2,2,Resistant,Resistant,Subgroup 2,Caffeic APE
KKU-156,-0.86913515730231,2,1,Resistant,Sensitive,Subgroup 1,Caffeic APE
KKU-213,0.132813382450419,2,2,Resistant,Resistant,Subgroup 1,Caffeic APE
KKU-214,-0.339163335684761,2,1,Resistant,Sensitive,Subgroup 1,Caffeic APE
RBE,0.215410558426285,2,2,Resistant,Resistant,Subgroup 1,Caffeic APE
SSP-25,0.65773750585154,2,2,Resistant,Resistant,Subgroup 2,Caffeic APE
TFK-1,0.65773750585154,2,2,Resistant,Resistant,Subgroup 2,Caffeic APE
YSCCC,0.65773750585154,2,2,Resistant,Resistant,Subgroup 2,Caffeic APE
HuCCA-1,-0.636654527258179,1,1,Sensitive,Sensitive,Subgroup 1,CDK1_2III
HuCCT-1,-0.498735625319129,1,1,Sensitive,Sensitive,Subgroup 2,CDK1_2III
HuH-28,-0.733543080242586,1,1,Sensitive,Sensitive,Subgroup 2,CDK1_2III
KKK-D068,-0.0439601427075818,1,1,Sensitive,Sensitive,Subgroup 2,CDK1_2III
KKK-D131,-0.809169758138802,1,1,Sensitive,Sensitive,Subgroup 2,CDK1_2III
KKK-D138,-0.139721647452886,1,1,Sensitive,Sensitive,Subgroup 1,CDK1_2III
KKU-055,-0.2643293269988,1,1,Sensitive,Sensitive,Subgroup 2,CDK1_2III
KKU-100,-0.567934299331367,1,1,Sensitive,Sensitive,Subgroup 2,CDK1_2III
KKU-156,1.26218582647019,2,2,Resistant,Resistant,Subgroup 1,CDK1_2III
KKU-213,0.990862625549309,2,2,Resistant,Resistant,Subgroup 1,CDK1_2III
KKU-214,1.53813391791523,2,2,Resistant,Resistant,Subgroup 1,CDK1_2III
RBE,-0.470257954110455,1,1,Sensitive,Sensitive,Subgroup 1,CDK1_2III
SSP-25,-1.14947101959654,1,1,Sensitive,Sensitive,Subgroup 2,CDK1_2III
TFK-1,-0.669937440411288,1,1,Sensitive,Sensitive,Subgroup 2,CDK1_2III
YSCCC,2.19253245163288,2,2,Resistant,Resistant,Subgroup 2,CDK1_2III
HuCCA-1,-1.17780488481161,1,1,Sensitive,Sensitive,Subgroup 1,Celastrol
HuCCT-1,-1.21577542166741,1,1,Sensitive,Sensitive,Subgroup 2,Celastrol
HuH-28,-0.870292205871958,1,1,Sensitive,Sensitive,Subgroup 2,Celastrol
KKK-D068,0.58204328318976,2,2,Resistant,Resistant,Subgroup 2,Celastrol
KKK-D131,-0.281884877681483,2,1,Resistant,Sensitive,Subgroup 2,Celastrol
KKK-D138,0.812742678842583,2,2,Resistant,Resistant,Subgroup 1,Celastrol
KKU-055,-1.36751470052592,1,1,Sensitive,Sensitive,Subgroup 2,Celastrol
KKU-100,1.1564964683898,2,2,Resistant,Resistant,Subgroup 2,Celastrol
KKU-156,0.603444681324446,2,2,Resistant,Resistant,Subgroup 1,Celastrol
KKU-213,0.396602026531889,2,2,Resistant,Resistant,Subgroup 1,Celastrol
KKU-214,-0.186491451412558,2,1,Resistant,Sensitive,Subgroup 1,Celastrol
RBE,-1.34253804747534,1,1,Sensitive,Sensitive,Subgroup 1,Celastrol
SSP-25,0.876652860162045,2,2,Resistant,Resistant,Subgroup 2,Celastrol
TFK-1,1.69090116496333,2,2,Resistant,Resistant,Subgroup 2,Celastrol
YSCCC,0.323418426042435,2,2,Resistant,Resistant,Subgroup 2,Celastrol
HuCCA-1,-0.63172870679323,1,1,Sensitive,Sensitive,Subgroup 1,Cisplatin
HuCCT-1,0.812191788674147,2,2,Resistant,Resistant,Subgroup 2,Cisplatin
HuH-28,-1.10771795062882,1,1,Sensitive,Sensitive,Subgroup 2,Cisplatin
KKK-D068,1.09346926943737,2,2,Resistant,Resistant,Subgroup 2,Cisplatin
KKK-D131,1.12795603439057,2,2,Resistant,Resistant,Subgroup 2,Cisplatin
KKK-D138,-1.46550362883988,1,1,Sensitive,Sensitive,Subgroup 1,Cisplatin
KKU-055,-0.534380349859057,1,1,Sensitive,Sensitive,Subgroup 2,Cisplatin
KKU-100,-1.82669219453187,1,1,Sensitive,Sensitive,Subgroup 2,Cisplatin
KKU-156,0.898155373674054,2,2,Resistant,Resistant,Subgroup 1,Cisplatin
KKU-213,1.0196802675772,2,2,Resistant,Resistant,Subgroup 1,Cisplatin
KKU-214,1.19238135835158,2,2,Resistant,Resistant,Subgroup 1,Cisplatin
RBE,-0.0582686610714935,1,1,Sensitive,Sensitive,Subgroup 1,Cisplatin
SSP-25,-0.39208129430134,1,1,Sensitive,Sensitive,Subgroup 2,Cisplatin
TFK-1,0.0824651180454634,1,2,Sensitive,Resistant,Subgroup 2,Cisplatin
YSCCC,-0.209926424124708,1,1,Sensitive,Sensitive,Subgroup 2,Cisplatin
HuCCA-1,0.47541438237142,2,2,Resistant,Resistant,Subgroup 1,Crizotinib
HuCCT-1,0.178421309410558,2,2,Resistant,Resistant,Subgroup 2,Crizotinib
HuH-28,-0.288959310946059,2,1,Resistant,Sensitive,Subgroup 2,Crizotinib
KKK-D068,-1.60203977665911,1,1,Sensitive,Sensitive,Subgroup 2,Crizotinib
KKK-D131,0.883257428406602,2,2,Resistant,Resistant,Subgroup 2,Crizotinib
KKK-D138,-0.118899308240511,2,1,Resistant,Sensitive,Subgroup 1,Crizotinib
KKU-055,-2.68210769117919,1,1,Sensitive,Sensitive,Subgroup 2,Crizotinib
KKU-100,0.427195683217373,2,2,Resistant,Resistant,Subgroup 2,Crizotinib
KKU-156,0.41850328586553,2,2,Resistant,Resistant,Subgroup 1,Crizotinib
KKU-213,-0.38863822212313,2,1,Resistant,Sensitive,Subgroup 1,Crizotinib
KKU-214,-0.252182024505406,2,1,Resistant,Sensitive,Subgroup 1,Crizotinib
RBE,0.698843929023999,2,2,Resistant,Resistant,Subgroup 1,Crizotinib
SSP-25,0.496871910304605,2,2,Resistant,Resistant,Subgroup 2,Crizotinib
TFK-1,0.518148049616482,2,2,Resistant,Resistant,Subgroup 2,Crizotinib
YSCCC,1.23617035543684,2,2,Resistant,Resistant,Subgroup 2,Crizotinib
HuCCA-1,-0.152570600386725,1,1,Sensitive,Sensitive,Subgroup 1,Dasatinib
HuCCT-1,2.04355689265406,2,2,Resistant,Resistant,Subgroup 2,Dasatinib
HuH-28,-1.07003371731404,1,1,Sensitive,Sensitive,Subgroup 2,Dasatinib
KKK-D068,1.12260617498411,2,2,Resistant,Resistant,Subgroup 2,Dasatinib
KKK-D131,-0.450900514605535,1,1,Sensitive,Sensitive,Subgroup 2,Dasatinib
KKK-D138,-0.676816704412534,1,1,Sensitive,Sensitive,Subgroup 1,Dasatinib
KKU-055,1.93646191962292,2,2,Resistant,Resistant,Subgroup 2,Dasatinib
KKU-100,-0.144705825271374,1,1,Sensitive,Sensitive,Subgroup 2,Dasatinib
KKU-156,-0.243575871898564,1,1,Sensitive,Sensitive,Subgroup 1,Dasatinib
KKU-213,-0.674759615744036,1,1,Sensitive,Sensitive,Subgroup 1,Dasatinib
KKU-214,-0.22264451906591,1,1,Sensitive,Sensitive,Subgroup 1,Dasatinib
RBE,-1.53310826859195,1,1,Sensitive,Sensitive,Subgroup 1,Dasatinib
SSP-25,0.021181887429586,1,1,Sensitive,Sensitive,Subgroup 2,Dasatinib
TFK-1,-0.130752898151272,1,1,Sensitive,Sensitive,Subgroup 2,Dasatinib
YSCCC,0.176061660751264,1,2,Sensitive,Resistant,Subgroup 2,Dasatinib
HuCCA-1,0.742296142704856,2,2,Resistant,Resistant,Subgroup 1,Decitabine
HuCCT-1,0.742296142704856,2,2,Resistant,Resistant,Subgroup 2,Decitabine
HuH-28,0.742296142704856,2,2,Resistant,Resistant,Subgroup 2,Decitabine
KKK-D068,-0.135672699047155,2,1,Resistant,Sensitive,Subgroup 2,Decitabine
KKK-D131,0.0468344773279854,2,2,Resistant,Resistant,Subgroup 2,Decitabine
KKK-D138,0.683938542924112,2,2,Resistant,Resistant,Subgroup 1,Decitabine
KKU-055,-0.293734207165985,2,1,Resistant,Sensitive,Subgroup 2,Decitabine
KKU-100,0.742296142704856,2,2,Resistant,Resistant,Subgroup 2,Decitabine
KKU-156,-2.37780531254446,1,1,Sensitive,Sensitive,Subgroup 1,Decitabine
KKU-213,-1.33493756334129,1,1,Sensitive,Sensitive,Subgroup 1,Decitabine
KKU-214,-0.372859880241855,2,1,Resistant,Sensitive,Subgroup 1,Decitabine
RBE,0.742296142704856,2,2,Resistant,Resistant,Subgroup 1,Decitabine
SSP-25,0.742296142704856,2,2,Resistant,Resistant,Subgroup 2,Decitabine
TFK-1,-1.41183635684535,1,1,Sensitive,Sensitive,Subgroup 2,Decitabine
YSCCC,0.742296142704856,2,2,Resistant,Resistant,Subgroup 2,Decitabine
HuCCA-1,0.462838256183316,2,2,Resistant,Resistant,Subgroup 1,Dovitinib
HuCCT-1,0.492125613186725,2,2,Resistant,Resistant,Subgroup 2,Dovitinib
HuH-28,-1.67469568091592,1,1,Sensitive,Sensitive,Subgroup 2,Dovitinib
KKK-D068,0.263783817024099,2,2,Resistant,Resistant,Subgroup 2,Dovitinib
KKK-D131,-0.850199438701856,1,1,Sensitive,Sensitive,Subgroup 2,Dovitinib
KKK-D138,-0.843947285668716,1,1,Sensitive,Sensitive,Subgroup 1,Dovitinib
KKU-055,-1.71808859037415,1,1,Sensitive,Sensitive,Subgroup 2,Dovitinib
KKU-100,0.958827427652186,2,2,Resistant,Resistant,Subgroup 2,Dovitinib
KKU-156,1.53465486907812,2,2,Resistant,Resistant,Subgroup 1,Dovitinib
KKU-213,0.874112758996604,2,2,Resistant,Resistant,Subgroup 1,Dovitinib
KKU-214,-1.03413723706873,1,1,Sensitive,Sensitive,Subgroup 1,Dovitinib
RBE,0.596647496787714,2,2,Resistant,Resistant,Subgroup 1,Dovitinib
SSP-25,0.858858842955437,2,2,Resistant,Resistant,Subgroup 2,Dovitinib
TFK-1,-0.157491876252034,2,1,Resistant,Sensitive,Subgroup 2,Dovitinib
YSCCC,0.236711027117202,2,2,Resistant,Resistant,Subgroup 2,Dovitinib
HuCCA-1,-1.41054729923532,1,1,Sensitive,Sensitive,Subgroup 1,Doxorubicin
HuCCT-1,0.806519476877523,2,2,Resistant,Resistant,Subgroup 2,Doxorubicin
HuH-28,-1.46474212792655,1,1,Sensitive,Sensitive,Subgroup 2,Doxorubicin
KKK-D068,-0.990275125297054,1,1,Sensitive,Sensitive,Subgroup 2,Doxorubicin
KKK-D131,-0.404503186566318,1,1,Sensitive,Sensitive,Subgroup 2,Doxorubicin
KKK-D138,1.14512157642296,2,2,Resistant,Resistant,Subgroup 1,Doxorubicin
KKU-055,-1.46474212792655,1,1,Sensitive,Sensitive,Subgroup 2,Doxorubicin
KKU-100,-0.709784547268918,1,1,Sensitive,Sensitive,Subgroup 2,Doxorubicin
KKU-156,0.58285297640439,2,2,Resistant,Resistant,Subgroup 1,Doxorubicin
KKU-213,-0.130343917260055,2,1,Resistant,Sensitive,Subgroup 1,Doxorubicin
KKU-214,0.463993721740055,2,2,Resistant,Resistant,Subgroup 1,Doxorubicin
RBE,0.536823999732792,2,2,Resistant,Resistant,Subgroup 1,Doxorubicin
SSP-25,0.852357414084835,2,2,Resistant,Resistant,Subgroup 2,Doxorubicin
TFK-1,0.837885884312126,2,2,Resistant,Resistant,Subgroup 2,Doxorubicin
YSCCC,1.34938328190609,2,2,Resistant,Resistant,Subgroup 2,Doxorubicin
HuCCA-1,0.866741186219362,2,2,Resistant,Resistant,Subgroup 1,Epirubicin
HuCCT-1,-0.380824344094122,2,1,Resistant,Sensitive,Subgroup 2,Epirubicin
HuH-28,-2.98905616829776,1,1,Sensitive,Sensitive,Subgroup 2,Epirubicin
KKK-D068,0.384667886638847,2,2,Resistant,Resistant,Subgroup 2,Epirubicin
KKK-D131,0.518446269526465,2,2,Resistant,Resistant,Subgroup 2,Epirubicin
KKK-D138,0.850286610991895,2,2,Resistant,Resistant,Subgroup 1,Epirubicin
KKU-055,-0.192978097048327,2,1,Resistant,Sensitive,Subgroup 2,Epirubicin
KKU-100,-0.0463087355264516,2,1,Resistant,Sensitive,Subgroup 2,Epirubicin
KKU-156,-0.00969348891756878,2,1,Resistant,Sensitive,Subgroup 1,Epirubicin
KKU-213,-0.83189225899054,2,1,Resistant,Sensitive,Subgroup 1,Epirubicin
KKU-214,-0.434759546808204,2,1,Resistant,Sensitive,Subgroup 1,Epirubicin
RBE,0.424568250307209,2,2,Resistant,Resistant,Subgroup 1,Epirubicin
SSP-25,-0.0885343349171132,2,1,Resistant,Sensitive,Subgroup 2,Epirubicin
TFK-1,0.791858950831202,2,2,Resistant,Resistant,Subgroup 2,Epirubicin
YSCCC,1.1374778200851,2,2,Resistant,Resistant,Subgroup 2,Epirubicin
HuCCA-1,-3.29514936147856,1,1,Sensitive,Sensitive,Subgroup 1,Erlotinib
HuCCT-1,0.38876557628646,2,2,Resistant,Resistant,Subgroup 2,Erlotinib
HuH-28,0.38876557628646,2,2,Resistant,Resistant,Subgroup 2,Erlotinib
KKK-D068,0.38876557628646,2,2,Resistant,Resistant,Subgroup 2,Erlotinib
KKK-D131,0.38876557628646,2,2,Resistant,Resistant,Subgroup 2,Erlotinib
KKK-D138,0.38876557628646,2,2,Resistant,Resistant,Subgroup 1,Erlotinib
KKU-055,0.38876557628646,2,2,Resistant,Resistant,Subgroup 2,Erlotinib
KKU-100,0.38876557628646,2,2,Resistant,Resistant,Subgroup 2,Erlotinib
KKU-156,0.335494577664143,2,2,Resistant,Resistant,Subgroup 1,Erlotinib
KKU-213,0.234035529437086,2,2,Resistant,Resistant,Subgroup 1,Erlotinib
KKU-214,0.0467198632402568,2,2,Resistant,Resistant,Subgroup 1,Erlotinib
RBE,0.38876557628646,2,2,Resistant,Resistant,Subgroup 1,Erlotinib
SSP-25,0.38876557628646,2,2,Resistant,Resistant,Subgroup 2,Erlotinib
TFK-1,0.38876557628646,2,2,Resistant,Resistant,Subgroup 2,Erlotinib
YSCCC,-1.20875637172753,2,1,Resistant,Sensitive,Subgroup 2,Erlotinib
HuCCA-1,0.404312905992724,2,2,Resistant,Resistant,Subgroup 1,Etoposide
HuCCT-1,0.168646250945014,2,2,Resistant,Resistant,Subgroup 2,Etoposide
HuH-28,-2.08320117712195,1,1,Sensitive,Sensitive,Subgroup 2,Etoposide
KKK-D068,0.297322080639681,2,2,Resistant,Resistant,Subgroup 2,Etoposide
KKK-D131,0.747816073853599,2,2,Resistant,Resistant,Subgroup 2,Etoposide
KKK-D138,1.82167145337048,2,2,Resistant,Resistant,Subgroup 1,Etoposide
KKU-055,-0.546480501927851,2,1,Resistant,Sensitive,Subgroup 2,Etoposide
KKU-100,-1.38292968859429,1,1,Sensitive,Sensitive,Subgroup 2,Etoposide
KKU-156,0.552442299779853,2,2,Resistant,Resistant,Subgroup 1,Etoposide
KKU-213,-1.02979369071441,1,1,Sensitive,Sensitive,Subgroup 1,Etoposide
KKU-214,-0.276642734467552,2,1,Resistant,Sensitive,Subgroup 1,Etoposide
RBE,-0.447799895530839,2,1,Resistant,Sensitive,Subgroup 1,Etoposide
SSP-25,0.793435984520075,2,2,Resistant,Resistant,Subgroup 2,Etoposide
TFK-1,-0.0277958741318249,2,1,Resistant,Sensitive,Subgroup 2,Etoposide
YSCCC,1.00899651338729,2,2,Resistant,Resistant,Subgroup 2,Etoposide
HuCCA-1,1.0040511229404,2,2,Resistant,Resistant,Subgroup 1,Fedratinib
HuCCT-1,-0.345184617769837,1,1,Sensitive,Sensitive,Subgroup 2,Fedratinib
HuH-28,-1.46606496643777,1,1,Sensitive,Sensitive,Subgroup 2,Fedratinib
KKK-D068,-0.759764755434032,1,1,Sensitive,Sensitive,Subgroup 2,Fedratinib
KKK-D131,-0.0191344788901533,1,1,Sensitive,Sensitive,Subgroup 2,Fedratinib
KKK-D138,-0.658433497543607,1,1,Sensitive,Sensitive,Subgroup 1,Fedratinib
KKU-055,-1.12638843056055,1,1,Sensitive,Sensitive,Subgroup 2,Fedratinib
KKU-100,0.862123645853712,2,2,Resistant,Resistant,Subgroup 2,Fedratinib
KKU-156,-0.825866340586188,1,1,Sensitive,Sensitive,Subgroup 1,Fedratinib
KKU-213,-0.608408503966684,1,1,Sensitive,Sensitive,Subgroup 1,Fedratinib
KKU-214,-0.55913072180506,1,1,Sensitive,Sensitive,Subgroup 1,Fedratinib
RBE,0.330813784584867,2,2,Resistant,Resistant,Subgroup 1,Fedratinib
SSP-25,1.15984041827555,2,2,Resistant,Resistant,Subgroup 2,Fedratinib
TFK-1,1.08983404658275,2,2,Resistant,Resistant,Subgroup 2,Fedratinib
YSCCC,1.9217132947566,2,2,Resistant,Resistant,Subgroup 2,Fedratinib
HuCCA-1,1.13614979448538,2,2,Resistant,Resistant,Subgroup 1,FiveFU
HuCCT-1,-1.56439778927528,1,1,Sensitive,Sensitive,Subgroup 2,FiveFU
HuH-28,0.764727634113105,2,2,Resistant,Resistant,Subgroup 2,FiveFU
KKK-D068,-0.506234118580179,2,1,Resistant,Sensitive,Subgroup 2,FiveFU
KKK-D131,-0.879016243427978,2,1,Resistant,Sensitive,Subgroup 2,FiveFU
KKK-D138,-0.106673885207897,2,1,Resistant,Sensitive,Subgroup 1,FiveFU
KKU-055,1.13614979448538,2,2,Resistant,Resistant,Subgroup 2,FiveFU
KKU-100,1.13614979448538,2,2,Resistant,Resistant,Subgroup 2,FiveFU
KKU-156,-0.0352500158462414,2,1,Resistant,Sensitive,Subgroup 1,FiveFU
KKU-213,-0.153404822968649,2,1,Resistant,Sensitive,Subgroup 1,FiveFU
KKU-214,0.869777963371216,2,2,Resistant,Resistant,Subgroup 1,FiveFU
RBE,0.243145952997635,2,2,Resistant,Resistant,Subgroup 1,FiveFU
SSP-25,0.477178915309208,2,2,Resistant,Resistant,Subgroup 2,FiveFU
TFK-1,-2.21203824948439,1,1,Sensitive,Sensitive,Subgroup 2,FiveFU
YSCCC,-0.306264724456692,2,1,Resistant,Sensitive,Subgroup 2,FiveFU
HuCCA-1,0.320053464539337,1,2,Sensitive,Resistant,Subgroup 1,Fludarabine
HuCCT-1,-1.0780186390987,1,1,Sensitive,Sensitive,Subgroup 2,Fludarabine
HuH-28,0.7967306226203,2,2,Resistant,Resistant,Subgroup 2,Fludarabine
KKK-D068,-1.52631708901065,1,1,Sensitive,Sensitive,Subgroup 2,Fludarabine
KKK-D131,-1.52094995120514,1,1,Sensitive,Sensitive,Subgroup 2,Fludarabine
KKK-D138,0.278626116089806,1,2,Sensitive,Resistant,Subgroup 1,Fludarabine
KKU-055,1.02915542464783,2,2,Resistant,Resistant,Subgroup 2,Fludarabine
KKU-100,1.02915542464783,2,2,Resistant,Resistant,Subgroup 2,Fludarabine
KKU-156,-1.38747930789284,1,1,Sensitive,Sensitive,Subgroup 1,Fludarabine
KKU-213,-0.0831014617156803,1,1,Sensitive,Sensitive,Subgroup 1,Fludarabine
KKU-214,-0.678747184512021,1,1,Sensitive,Sensitive,Subgroup 1,Fludarabine
RBE,0.860866387203882,2,2,Resistant,Resistant,Subgroup 1,Fludarabine
SSP-25,-0.0982846556096022,1,1,Sensitive,Sensitive,Subgroup 2,Fludarabine
TFK-1,1.02915542464783,2,2,Resistant,Resistant,Subgroup 2,Fludarabine
YSCCC,1.02915542464783,2,2,Resistant,Resistant,Subgroup 2,Fludarabine
HuCCA-1,-2.57322401879993,1,1,Sensitive,Sensitive,Subgroup 1,Gefitinib
HuCCT-1,0.572390059565386,2,2,Resistant,Resistant,Subgroup 2,Gefitinib
HuH-28,0.572390059565386,2,2,Resistant,Resistant,Subgroup 2,Gefitinib
KKK-D068,0.572390059565386,2,2,Resistant,Resistant,Subgroup 2,Gefitinib
KKK-D131,0.572390059565386,2,2,Resistant,Resistant,Subgroup 2,Gefitinib
KKK-D138,0.359409330750198,2,2,Resistant,Resistant,Subgroup 1,Gefitinib
KKU-055,0.572390059565386,2,2,Resistant,Resistant,Subgroup 2,Gefitinib
KKU-100,0.572390059565386,2,2,Resistant,Resistant,Subgroup 2,Gefitinib
KKU-156,-0.216979364609212,2,1,Resistant,Sensitive,Subgroup 1,Gefitinib
KKU-213,0.122604390187858,2,2,Resistant,Resistant,Subgroup 1,Gefitinib
KKU-214,-0.906022204747791,1,1,Sensitive,Sensitive,Subgroup 1,Gefitinib
RBE,0.503678944016596,2,2,Resistant,Resistant,Subgroup 1,Gefitinib
SSP-25,0.572390059565386,2,2,Resistant,Resistant,Subgroup 2,Gefitinib
TFK-1,0.572390059565386,2,2,Resistant,Resistant,Subgroup 2,Gefitinib
YSCCC,-1.8685875533208,1,1,Sensitive,Sensitive,Subgroup 2,Gefitinib
HuCCA-1,3.35741498511551,2,2,Resistant,Resistant,Subgroup 1,Gemcitabine
HuCCT-1,-0.471499266020249,1,1,Sensitive,Sensitive,Subgroup 2,Gemcitabine
HuH-28,-0.518920222821316,1,1,Sensitive,Sensitive,Subgroup 2,Gemcitabine
KKK-D068,-0.518920222821316,1,1,Sensitive,Sensitive,Subgroup 2,Gemcitabine
KKK-D131,0.0314303510591431,2,1,Resistant,Sensitive,Subgroup 2,Gemcitabine
KKK-D138,-0.518920222821316,1,1,Sensitive,Sensitive,Subgroup 1,Gemcitabine
KKU-055,-0.200687044681556,2,1,Resistant,Sensitive,Subgroup 2,Gemcitabine
KKU-100,-0.518920222821316,1,1,Sensitive,Sensitive,Subgroup 2,Gemcitabine
KKU-156,-0.0103764057080988,2,1,Resistant,Sensitive,Subgroup 1,Gemcitabine
KKU-213,-0.110804177272123,2,1,Resistant,Sensitive,Subgroup 1,Gemcitabine
KKU-214,-0.192051884962171,2,1,Resistant,Sensitive,Subgroup 1,Gemcitabine
RBE,-0.518920222821316,1,1,Sensitive,Sensitive,Subgroup 1,Gemcitabine
SSP-25,-0.445353174131813,1,1,Sensitive,Sensitive,Subgroup 2,Gemcitabine
TFK-1,-0.259493231973949,2,1,Resistant,Sensitive,Subgroup 2,Gemcitabine
YSCCC,0.896020962681881,2,2,Resistant,Resistant,Subgroup 2,Gemcitabine
HuCCA-1,0.0394210195631264,1,2,Sensitive,Resistant,Subgroup 1,I-BET
HuCCT-1,-1.95469218645504,1,1,Sensitive,Sensitive,Subgroup 2,I-BET
HuH-28,-0.75332524014037,1,1,Sensitive,Sensitive,Subgroup 2,I-BET
KKK-D068,0.316322805764689,2,2,Resistant,Resistant,Subgroup 2,I-BET
KKK-D131,-0.509171467145014,1,1,Sensitive,Sensitive,Subgroup 2,I-BET
KKK-D138,0.71674361753322,2,2,Resistant,Resistant,Subgroup 1,I-BET
KKU-055,2.23926013154333,2,2,Resistant,Resistant,Subgroup 2,I-BET
KKU-100,0.950757996010705,2,2,Resistant,Resistant,Subgroup 2,I-BET
KKU-156,-0.797884512783194,1,1,Sensitive,Sensitive,Subgroup 1,I-BET
KKU-213,-0.867979355181999,1,1,Sensitive,Sensitive,Subgroup 1,I-BET
KKU-214,-0.830217818184414,1,1,Sensitive,Sensitive,Subgroup 1,I-BET
RBE,0.00300429210362883,1,2,Sensitive,Resistant,Subgroup 1,I-BET
SSP-25,0.323138772881494,2,2,Resistant,Resistant,Subgroup 2,I-BET
TFK-1,0.599575371509556,2,2,Resistant,Resistant,Subgroup 2,I-BET
YSCCC,0.525046572980287,2,2,Resistant,Resistant,Subgroup 2,I-BET
HuCCA-1,0.651691276879612,2,2,Resistant,Resistant,Subgroup 1,Imatinib
HuCCT-1,0.244779350200815,2,2,Resistant,Resistant,Subgroup 2,Imatinib
HuH-28,0.651691276879612,2,2,Resistant,Resistant,Subgroup 2,Imatinib
KKK-D068,0.651691276879612,2,2,Resistant,Resistant,Subgroup 2,Imatinib
KKK-D131,-0.595025756704439,2,1,Resistant,Sensitive,Subgroup 2,Imatinib
KKK-D138,0.343881348561669,2,2,Resistant,Resistant,Subgroup 1,Imatinib
KKU-055,0.651691276879612,2,2,Resistant,Resistant,Subgroup 2,Imatinib
KKU-100,-0.627513161925775,2,1,Resistant,Sensitive,Subgroup 2,Imatinib
KKU-156,-0.463181722347716,2,1,Resistant,Sensitive,Subgroup 1,Imatinib
KKU-213,-2.95567367888013,1,1,Sensitive,Sensitive,Subgroup 1,Imatinib
KKU-214,-0.969028448847081,2,1,Resistant,Sensitive,Subgroup 1,Imatinib
RBE,0.459923131785376,2,2,Resistant,Resistant,Subgroup 1,Imatinib
SSP-25,0.651691276879612,2,2,Resistant,Resistant,Subgroup 2,Imatinib
TFK-1,0.651691276879612,2,2,Resistant,Resistant,Subgroup 2,Imatinib
YSCCC,0.651691276879612,2,2,Resistant,Resistant,Subgroup 2,Imatinib
HuCCA-1,0.27958724737131,2,2,Resistant,Resistant,Subgroup 1,Irinotecan
HuCCT-1,-0.365228377001211,2,1,Resistant,Sensitive,Subgroup 2,Irinotecan
HuH-28,-1.41275909301884,1,1,Sensitive,Sensitive,Subgroup 2,Irinotecan
KKK-D068,0.815782873416282,2,2,Resistant,Resistant,Subgroup 2,Irinotecan
KKK-D131,-1.25480254307996,1,1,Sensitive,Sensitive,Subgroup 2,Irinotecan
KKK-D138,-0.350942428940373,2,1,Resistant,Sensitive,Subgroup 1,Irinotecan
KKU-055,-1.86626384739,1,1,Sensitive,Sensitive,Subgroup 2,Irinotecan
KKU-100,-1.18832954228951,1,1,Sensitive,Sensitive,Subgroup 2,Irinotecan
KKU-156,0.901686574816634,2,2,Resistant,Resistant,Subgroup 1,Irinotecan
KKU-213,0.790447669184504,2,2,Resistant,Resistant,Subgroup 1,Irinotecan
KKU-214,1.05162151299304,2,2,Resistant,Resistant,Subgroup 1,Irinotecan
RBE,0.659051354688388,2,2,Resistant,Resistant,Subgroup 1,Irinotecan
SSP-25,1.07412963714601,2,2,Resistant,Resistant,Subgroup 2,Irinotecan
TFK-1,0.550141462557863,2,2,Resistant,Resistant,Subgroup 2,Irinotecan
YSCCC,0.31587749954587,2,2,Resistant,Resistant,Subgroup 2,Irinotecan
HuCCA-1,0.383530598060122,1,2,Sensitive,Resistant,Subgroup 1,JQ1
HuCCT-1,-1.47143336107642,1,1,Sensitive,Sensitive,Subgroup 2,JQ1
HuH-28,-1.45736465788738,1,1,Sensitive,Sensitive,Subgroup 2,JQ1
KKK-D068,-0.287135902469132,1,1,Sensitive,Sensitive,Subgroup 2,JQ1
KKK-D131,0.187293826007203,1,2,Sensitive,Resistant,Subgroup 2,JQ1
KKK-D138,0.385259701122868,1,2,Sensitive,Resistant,Subgroup 1,JQ1
KKU-055,2.81063186077884,2,2,Resistant,Resistant,Subgroup 2,JQ1
KKU-100,0.601099235719295,1,2,Sensitive,Resistant,Subgroup 2,JQ1
KKU-156,-0.595331402889883,1,1,Sensitive,Sensitive,Subgroup 1,JQ1
KKU-213,-0.464810242407008,1,1,Sensitive,Sensitive,Subgroup 1,JQ1
KKU-214,-0.0185188528227937,1,2,Sensitive,Resistant,Subgroup 1,JQ1
RBE,-0.582107237704639,1,1,Sensitive,Sensitive,Subgroup 1,JQ1
SSP-25,0.00437274465275237,1,2,Sensitive,Resistant,Subgroup 2,JQ1
TFK-1,0.250303480168919,1,2,Sensitive,Resistant,Subgroup 2,JQ1
YSCCC,0.254210210747251,1,2,Sensitive,Resistant,Subgroup 2,JQ1
HuCCA-1,1.8740027623423,2,2,Resistant,Resistant,Subgroup 1,K03861
HuCCT-1,-0.212246503068912,1,1,Sensitive,Sensitive,Subgroup 2,K03861
HuH-28,-0.565288832448086,1,1,Sensitive,Sensitive,Subgroup 2,K03861
KKK-D068,0.0272528020235388,1,1,Sensitive,Sensitive,Subgroup 2,K03861
KKK-D131,-0.787744964655256,1,1,Sensitive,Sensitive,Subgroup 2,K03861
KKK-D138,-0.0666740519524378,1,1,Sensitive,Sensitive,Subgroup 1,K03861
KKU-055,-0.73147434516163,1,1,Sensitive,Sensitive,Subgroup 2,K03861
KKU-100,1.44233442921316,2,2,Resistant,Resistant,Subgroup 2,K03861
KKU-156,-1.13597225082516,1,1,Sensitive,Sensitive,Subgroup 1,K03861
KKU-213,-0.7939128126586,1,1,Sensitive,Sensitive,Subgroup 1,K03861
KKU-214,-0.526606984339986,1,1,Sensitive,Sensitive,Subgroup 1,K03861
RBE,0.87043097414139,2,2,Resistant,Resistant,Subgroup 1,K03861
SSP-25,-0.521534597605943,1,1,Sensitive,Sensitive,Subgroup 2,K03861
TFK-1,-0.664930856203784,1,1,Sensitive,Sensitive,Subgroup 2,K03861
YSCCC,1.7923652311994,2,2,Resistant,Resistant,Subgroup 2,K03861
HuCCA-1,-2.73650061496628,1,1,Sensitive,Sensitive,Subgroup 1,Lapatinib
HuCCT-1,0.519872997929483,2,2,Resistant,Resistant,Subgroup 2,Lapatinib
HuH-28,0.394900879669358,2,2,Resistant,Resistant,Subgroup 2,Lapatinib
KKK-D068,0.898016098779483,2,2,Resistant,Resistant,Subgroup 2,Lapatinib
KKK-D131,0.693703565008671,2,2,Resistant,Resistant,Subgroup 2,Lapatinib
KKK-D138,0.381618219745594,2,2,Resistant,Resistant,Subgroup 1,Lapatinib
KKU-055,0.517803466040504,2,2,Resistant,Resistant,Subgroup 2,Lapatinib
KKU-100,0.736154630561855,2,2,Resistant,Resistant,Subgroup 2,Lapatinib
KKU-156,-0.482532896722526,2,1,Resistant,Sensitive,Subgroup 1,Lapatinib
KKU-213,-0.0733297003245072,2,2,Resistant,Resistant,Subgroup 1,Lapatinib
KKU-214,0.0388090715069642,2,2,Resistant,Resistant,Subgroup 1,Lapatinib
RBE,0.227964802550525,2,2,Resistant,Resistant,Subgroup 1,Lapatinib
SSP-25,0.0719191574916147,2,2,Resistant,Resistant,Subgroup 2,Lapatinib
TFK-1,0.597229358234575,2,2,Resistant,Resistant,Subgroup 2,Lapatinib
YSCCC,-1.78562903550532,1,1,Sensitive,Sensitive,Subgroup 2,Lapatinib
HuCCA-1,0.0278555604246557,2,2,Resistant,Resistant,Subgroup 1,LCL161
HuCCT-1,0.395559206034453,2,2,Resistant,Resistant,Subgroup 2,LCL161
HuH-28,-1.06106536354706,2,1,Resistant,Sensitive,Subgroup 2,LCL161
KKK-D068,-3.34896482068926,1,1,Sensitive,Sensitive,Subgroup 2,LCL161
KKK-D131,0.395559206034453,2,2,Resistant,Resistant,Subgroup 2,LCL161
KKK-D138,0.395559206034453,2,2,Resistant,Resistant,Subgroup 1,LCL161
KKU-055,0.395559206034453,2,2,Resistant,Resistant,Subgroup 2,LCL161
KKU-100,0.395559206034453,2,2,Resistant,Resistant,Subgroup 2,LCL161
KKU-156,0.246015854357122,2,2,Resistant,Resistant,Subgroup 1,LCL161
KKU-213,0.180566709110008,2,2,Resistant,Resistant,Subgroup 1,LCL161
KKU-214,0.395559206034453,2,2,Resistant,Resistant,Subgroup 1,LCL161
RBE,0.395559206034453,2,2,Resistant,Resistant,Subgroup 1,LCL161
SSP-25,0.395559206034453,2,2,Resistant,Resistant,Subgroup 2,LCL161
TFK-1,0.395559206034453,2,2,Resistant,Resistant,Subgroup 2,LCL161
YSCCC,0.395559206034453,2,2,Resistant,Resistant,Subgroup 2,LCL161
HuCCA-1,-3.18445746394118,1,1,Sensitive,Sensitive,Subgroup 1,LY294002
HuCCT-1,0.439973106356199,2,2,Resistant,Resistant,Subgroup 2,LY294002
HuH-28,0.439973106356199,2,2,Resistant,Resistant,Subgroup 2,LY294002
KKK-D068,0.439973106356199,2,2,Resistant,Resistant,Subgroup 2,LY294002
KKK-D131,0.439973106356199,2,2,Resistant,Resistant,Subgroup 2,LY294002
KKK-D138,0.439973106356199,2,2,Resistant,Resistant,Subgroup 1,LY294002
KKU-055,0.439973106356199,2,2,Resistant,Resistant,Subgroup 2,LY294002
KKU-100,-0.669544981172409,2,1,Resistant,Sensitive,Subgroup 2,LY294002
KKU-156,0.439973106356199,2,2,Resistant,Resistant,Subgroup 1,LY294002
KKU-213,0.439973106356199,2,2,Resistant,Resistant,Subgroup 1,LY294002
KKU-214,0.439973106356199,2,2,Resistant,Resistant,Subgroup 1,LY294002
RBE,0.439973106356199,2,2,Resistant,Resistant,Subgroup 1,LY294002
SSP-25,0.13794092412905,2,2,Resistant,Resistant,Subgroup 2,LY294002
TFK-1,0.439973106356199,2,2,Resistant,Resistant,Subgroup 2,LY294002
YSCCC,-1.12364264893365,2,1,Resistant,Sensitive,Subgroup 2,LY294002
HuCCA-1,1.28967431864041,2,2,Resistant,Resistant,Subgroup 1,Masitinib
HuCCT-1,-0.391214227097333,1,1,Sensitive,Sensitive,Subgroup 2,Masitinib
HuH-28,1.158798969048,2,2,Resistant,Resistant,Subgroup 2,Masitinib
KKK-D068,1.05745664973916,2,2,Resistant,Resistant,Subgroup 2,Masitinib
KKK-D131,-0.00306681443825012,1,1,Sensitive,Sensitive,Subgroup 2,Masitinib
KKK-D138,-0.804221899618243,1,1,Sensitive,Sensitive,Subgroup 1,Masitinib
KKU-055,-0.579309254958321,1,1,Sensitive,Sensitive,Subgroup 2,Masitinib
KKU-100,-0.511752981671956,1,1,Sensitive,Sensitive,Subgroup 2,Masitinib
KKU-156,-0.804557425262742,1,1,Sensitive,Sensitive,Subgroup 1,Masitinib
KKU-213,-2.15590164831343,1,1,Sensitive,Sensitive,Subgroup 1,Masitinib
KKU-214,-0.790962964485997,1,1,Sensitive,Sensitive,Subgroup 1,Masitinib
RBE,0.652803491422243,1,2,Sensitive,Resistant,Subgroup 1,Masitinib
SSP-25,-0.168421461297067,1,1,Sensitive,Sensitive,Subgroup 2,Masitinib
TFK-1,1.01137849899397,2,2,Resistant,Resistant,Subgroup 2,Masitinib
YSCCC,1.03929674929955,2,2,Resistant,Resistant,Subgroup 2,Masitinib
HuCCA-1,2.80641488691192,2,2,Resistant,Resistant,Subgroup 1,Methotexate
HuCCT-1,-0.273780347223419,1,1,Sensitive,Sensitive,Subgroup 2,Methotexate
HuH-28,-0.157350681900569,1,1,Sensitive,Sensitive,Subgroup 2,Methotexate
KKK-D068,0.525657746462833,1,2,Sensitive,Resistant,Subgroup 2,Methotexate
KKK-D131,-0.699923273108595,1,1,Sensitive,Sensitive,Subgroup 2,Methotexate
KKK-D138,-0.342012785158679,1,1,Sensitive,Sensitive,Subgroup 1,Methotexate
KKU-055,-1.08366599242132,1,1,Sensitive,Sensitive,Subgroup 2,Methotexate
KKU-100,0.0911795692934466,1,2,Sensitive,Resistant,Subgroup 2,Methotexate
KKU-156,-0.280983410398089,1,1,Sensitive,Sensitive,Subgroup 1,Methotexate
KKU-213,-1.06891141867466,1,1,Sensitive,Sensitive,Subgroup 1,Methotexate
KKU-214,-0.782652144689918,1,1,Sensitive,Sensitive,Subgroup 1,Methotexate
RBE,-0.261729686542112,1,1,Sensitive,Sensitive,Subgroup 1,Methotexate
SSP-25,1.05444401577007,1,2,Sensitive,Resistant,Subgroup 2,Methotexate
TFK-1,-0.4083464703352,1,1,Sensitive,Sensitive,Subgroup 2,Methotexate
YSCCC,0.881659992014293,1,2,Sensitive,Resistant,Subgroup 2,Methotexate
HuCCA-1,-0.0951291048809757,1,1,Sensitive,Sensitive,Subgroup 1,Mitomycin C
HuCCT-1,1.05992150394305,2,2,Resistant,Resistant,Subgroup 2,Mitomycin C
HuH-28,-1.53223425100161,1,1,Sensitive,Sensitive,Subgroup 2,Mitomycin C
KKK-D068,0.717721062335462,2,2,Resistant,Resistant,Subgroup 2,Mitomycin C
KKK-D131,1.31332417275406,2,2,Resistant,Resistant,Subgroup 2,Mitomycin C
KKK-D138,-0.273753130361527,1,1,Sensitive,Sensitive,Subgroup 1,Mitomycin C
KKU-055,-1.45027499311431,1,1,Sensitive,Sensitive,Subgroup 2,Mitomycin C
KKU-100,-1.53223425100161,1,1,Sensitive,Sensitive,Subgroup 2,Mitomycin C
KKU-156,1.03608360621107,2,2,Resistant,Resistant,Subgroup 1,Mitomycin C
KKU-213,0.851327970218224,2,2,Resistant,Resistant,Subgroup 1,Mitomycin C
KKU-214,0.997895141199514,2,2,Resistant,Resistant,Subgroup 1,Mitomycin C
RBE,0.156670689325824,1,2,Sensitive,Resistant,Subgroup 1,Mitomycin C
SSP-25,-0.286586789029256,1,1,Sensitive,Sensitive,Subgroup 2,Mitomycin C
TFK-1,-0.922797558403747,1,1,Sensitive,Sensitive,Subgroup 2,Mitomycin C
YSCCC,-0.0399340681941727,1,1,Sensitive,Sensitive,Subgroup 2,Mitomycin C
HuCCA-1,0.459053595684853,2,2,Resistant,Resistant,Subgroup 1,MK2206
HuCCT-1,0.459053595684853,2,2,Resistant,Resistant,Subgroup 2,MK2206
HuH-28,0.459053595684853,2,2,Resistant,Resistant,Subgroup 2,MK2206
KKK-D068,0.459053595684853,2,2,Resistant,Resistant,Subgroup 2,MK2206
KKK-D131,0.459053595684853,2,2,Resistant,Resistant,Subgroup 2,MK2206
KKK-D138,-1.11688121221614,1,1,Sensitive,Sensitive,Subgroup 1,MK2206
KKU-055,0.459053595684853,2,2,Resistant,Resistant,Subgroup 2,MK2206
KKU-100,-1.34272012872734,1,1,Sensitive,Sensitive,Subgroup 2,MK2206
KKU-156,0.329448460871932,2,2,Resistant,Resistant,Subgroup 1,MK2206
KKU-213,0.459053595684853,2,2,Resistant,Resistant,Subgroup 1,MK2206
KKU-214,0.459053595684853,2,2,Resistant,Resistant,Subgroup 1,MK2206
RBE,0.459053595684853,2,2,Resistant,Resistant,Subgroup 1,MK2206
SSP-25,0.459053595684853,2,2,Resistant,Resistant,Subgroup 2,MK2206
TFK-1,0.459053595684853,2,2,Resistant,Resistant,Subgroup 2,MK2206
YSCCC,-2.91943667246184,1,1,Sensitive,Sensitive,Subgroup 2,MK2206
HuCCA-1,-0.803690976960701,1,1,Sensitive,Sensitive,Subgroup 1,Momelotinib
HuCCT-1,-0.124532074117451,1,1,Sensitive,Sensitive,Subgroup 2,Momelotinib
HuH-28,-3.02051999985218,1,1,Sensitive,Sensitive,Subgroup 2,Momelotinib
KKK-D068,0.541982545570681,2,2,Resistant,Resistant,Subgroup 2,Momelotinib
KKK-D131,-0.862992642196181,1,1,Sensitive,Sensitive,Subgroup 2,Momelotinib
KKK-D138,-0.50958801492186,1,1,Sensitive,Sensitive,Subgroup 1,Momelotinib
KKU-055,0.497598588119975,2,2,Resistant,Resistant,Subgroup 2,Momelotinib
KKU-100,0.456242460904056,2,2,Resistant,Resistant,Subgroup 2,Momelotinib
KKU-156,0.588322091611091,2,2,Resistant,Resistant,Subgroup 1,Momelotinib
KKU-213,0.472904647045163,2,2,Resistant,Resistant,Subgroup 1,Momelotinib
KKU-214,0.314408927754098,2,2,Resistant,Resistant,Subgroup 1,Momelotinib
RBE,0.346355340370465,2,2,Resistant,Resistant,Subgroup 1,Momelotinib
SSP-25,0.785233425807251,1,2,Sensitive,Resistant,Subgroup 2,Momelotinib
TFK-1,0.964911482752691,1,2,Sensitive,Resistant,Subgroup 2,Momelotinib
YSCCC,0.353364198112902,2,2,Resistant,Resistant,Subgroup 2,Momelotinib
HuCCA-1,-1.66080456746921,1,1,Sensitive,Sensitive,Subgroup 1,Mycophenolate Mofetil
HuCCT-1,0.148409171974294,2,2,Resistant,Resistant,Subgroup 2,Mycophenolate Mofetil
HuH-28,1.80410172910358,2,2,Resistant,Resistant,Subgroup 2,Mycophenolate Mofetil
KKK-D068,0.144794406729575,2,2,Resistant,Resistant,Subgroup 2,Mycophenolate Mofetil
KKK-D131,0.99073887311547,2,2,Resistant,Resistant,Subgroup 2,Mycophenolate Mofetil
KKK-D138,0.146604309618263,2,2,Resistant,Resistant,Subgroup 1,Mycophenolate Mofetil
KKU-055,0.192532151536644,2,2,Resistant,Resistant,Subgroup 2,Mycophenolate Mofetil
KKU-100,-2.05545356705737,1,1,Sensitive,Sensitive,Subgroup 2,Mycophenolate Mofetil
KKU-156,-0.572824141004532,2,1,Resistant,Sensitive,Subgroup 1,Mycophenolate Mofetil
KKU-213,0.634077115256099,2,2,Resistant,Resistant,Subgroup 1,Mycophenolate Mofetil
KKU-214,0.122343449349704,2,2,Resistant,Resistant,Subgroup 1,Mycophenolate Mofetil
RBE,0.376475026186203,2,2,Resistant,Resistant,Subgroup 1,Mycophenolate Mofetil
SSP-25,0.991661117689584,2,2,Resistant,Resistant,Subgroup 2,Mycophenolate Mofetil
TFK-1,-0.707211534618922,2,1,Resistant,Sensitive,Subgroup 2,Mycophenolate Mofetil
YSCCC,-0.555443540409377,2,1,Resistant,Sensitive,Subgroup 2,Mycophenolate Mofetil
HuCCA-1,0.555492446384967,2,2,Resistant,Resistant,Subgroup 1,Nilotinib
HuCCT-1,0.555492446384967,2,2,Resistant,Resistant,Subgroup 2,Nilotinib
HuH-28,0.555492446384967,2,2,Resistant,Resistant,Subgroup 2,Nilotinib
KKK-D068,0.555492446384967,2,2,Resistant,Resistant,Subgroup 2,Nilotinib
KKK-D131,0.555492446384967,2,2,Resistant,Resistant,Subgroup 2,Nilotinib
KKK-D138,-0.658131981163889,1,1,Sensitive,Sensitive,Subgroup 1,Nilotinib
KKU-055,0.555492446384967,2,2,Resistant,Resistant,Subgroup 2,Nilotinib
KKU-100,0.555492446384967,2,2,Resistant,Resistant,Subgroup 2,Nilotinib
KKU-156,-2.19058152642039,1,1,Sensitive,Sensitive,Subgroup 1,Nilotinib
KKU-213,-1.79603325317987,1,1,Sensitive,Sensitive,Subgroup 1,Nilotinib
KKU-214,-1.46567014947048,1,1,Sensitive,Sensitive,Subgroup 1,Nilotinib
RBE,0.555492446384967,2,2,Resistant,Resistant,Subgroup 1,Nilotinib
SSP-25,0.555492446384967,2,2,Resistant,Resistant,Subgroup 2,Nilotinib
TFK-1,0.555492446384967,2,2,Resistant,Resistant,Subgroup 2,Nilotinib
YSCCC,0.555492446384967,2,2,Resistant,Resistant,Subgroup 2,Nilotinib
HuCCA-1,0.694279389801078,2,2,Resistant,Resistant,Subgroup 1,Nutlin-3
HuCCT-1,0.428288043241297,2,2,Resistant,Resistant,Subgroup 2,Nutlin-3
HuH-28,-0.245724741912397,1,1,Sensitive,Sensitive,Subgroup 2,Nutlin-3
KKK-D068,0.664336561028891,2,2,Resistant,Resistant,Subgroup 2,Nutlin-3
KKK-D131,0.694279389801078,2,2,Resistant,Resistant,Subgroup 2,Nutlin-3
KKK-D138,0.694279389801078,2,2,Resistant,Resistant,Subgroup 1,Nutlin-3
KKU-055,0.694279389801078,2,2,Resistant,Resistant,Subgroup 2,Nutlin-3
KKU-100,-2.39438358253645,1,1,Sensitive,Sensitive,Subgroup 2,Nutlin-3
KKU-156,0.256352011803187,2,2,Resistant,Resistant,Subgroup 1,Nutlin-3
KKU-213,0.140049804326394,2,2,Resistant,Resistant,Subgroup 1,Nutlin-3
KKU-214,0.382386688085256,2,2,Resistant,Resistant,Subgroup 1,Nutlin-3
RBE,-1.995216077981,1,1,Sensitive,Sensitive,Subgroup 1,Nutlin-3
SSP-25,0.241634568039838,2,2,Resistant,Resistant,Subgroup 2,Nutlin-3
TFK-1,0.694279389801078,2,2,Resistant,Resistant,Subgroup 2,Nutlin-3
YSCCC,-0.9491202231004,1,1,Sensitive,Sensitive,Subgroup 2,Nutlin-3
HuCCA-1,1.29924997325247,2,2,Resistant,Resistant,Subgroup 1,NVP-AEW541
HuCCT-1,0.190797602040019,2,2,Resistant,Resistant,Subgroup 2,NVP-AEW541
HuH-28,0.43689561121534,2,2,Resistant,Resistant,Subgroup 2,NVP-AEW541
KKK-D068,0.7729173775137,2,2,Resistant,Resistant,Subgroup 2,NVP-AEW541
KKK-D131,0.766957725284216,2,2,Resistant,Resistant,Subgroup 2,NVP-AEW541
KKK-D138,-1.0094224928007,1,1,Sensitive,Sensitive,Subgroup 1,NVP-AEW541
KKU-055,1.81345525239108,2,2,Resistant,Resistant,Subgroup 2,NVP-AEW541
KKU-100,-0.932538390228887,1,1,Sensitive,Sensitive,Subgroup 2,NVP-AEW541
KKU-156,-1.13421180880987,1,1,Sensitive,Sensitive,Subgroup 1,NVP-AEW541
KKU-213,-1.19401899160138,1,1,Sensitive,Sensitive,Subgroup 1,NVP-AEW541
KKU-214,-1.02832856014704,1,1,Sensitive,Sensitive,Subgroup 1,NVP-AEW541
RBE,0.741335104800198,2,2,Resistant,Resistant,Subgroup 1,NVP-AEW541
SSP-25,-0.679551616435542,1,1,Sensitive,Sensitive,Subgroup 2,NVP-AEW541
TFK-1,-0.707322089681017,1,1,Sensitive,Sensitive,Subgroup 2,NVP-AEW541
YSCCC,0.663785303207402,2,2,Resistant,Resistant,Subgroup 2,NVP-AEW541
HuCCA-1,0.451048582553654,2,2,Resistant,Resistant,Subgroup 1,Olaparib
HuCCT-1,0.451048582553654,2,2,Resistant,Resistant,Subgroup 2,Olaparib
HuH-28,-2.61525372286205,1,1,Sensitive,Sensitive,Subgroup 2,Olaparib
KKK-D068,0.451048582553654,2,2,Resistant,Resistant,Subgroup 2,Olaparib
KKK-D131,0.451048582553654,2,2,Resistant,Resistant,Subgroup 2,Olaparib
KKK-D138,0.258150923253599,2,2,Resistant,Resistant,Subgroup 1,Olaparib
KKU-055,-2.1578971123778,1,1,Sensitive,Sensitive,Subgroup 2,Olaparib
KKU-100,-0.446534496103949,2,1,Resistant,Sensitive,Subgroup 2,Olaparib
KKU-156,0.451048582553654,2,2,Resistant,Resistant,Subgroup 1,Olaparib
KKU-213,0.451048582553654,2,2,Resistant,Resistant,Subgroup 1,Olaparib
KKU-214,0.451048582553654,2,2,Resistant,Resistant,Subgroup 1,Olaparib
RBE,0.451048582553654,2,2,Resistant,Resistant,Subgroup 1,Olaparib
SSP-25,0.451048582553654,2,2,Resistant,Resistant,Subgroup 2,Olaparib
TFK-1,0.451048582553654,2,2,Resistant,Resistant,Subgroup 2,Olaparib
YSCCC,0.451048582553654,2,2,Resistant,Resistant,Subgroup 2,Olaparib
HuCCA-1,-1.30156757682854,1,1,Sensitive,Sensitive,Subgroup 1,Omipalisib
HuCCT-1,0.493378982302816,1,2,Sensitive,Resistant,Subgroup 2,Omipalisib
HuH-28,-0.363170171734432,1,1,Sensitive,Sensitive,Subgroup 2,Omipalisib
KKK-D068,1.00831475556389,1,2,Sensitive,Resistant,Subgroup 2,Omipalisib
KKK-D131,0.58512303862508,1,2,Sensitive,Resistant,Subgroup 2,Omipalisib
KKK-D138,-1.00406583935446,1,1,Sensitive,Sensitive,Subgroup 1,Omipalisib
KKU-055,2.40533886605942,2,2,Resistant,Resistant,Subgroup 2,Omipalisib
KKU-100,-0.289402739960014,1,1,Sensitive,Sensitive,Subgroup 2,Omipalisib
KKU-156,0.475117866503115,1,2,Sensitive,Resistant,Subgroup 1,Omipalisib
KKU-213,-0.763959753657299,1,1,Sensitive,Sensitive,Subgroup 1,Omipalisib
KKU-214,0.211127687363305,1,2,Sensitive,Resistant,Subgroup 1,Omipalisib
RBE,0.813745984390939,1,2,Sensitive,Resistant,Subgroup 1,Omipalisib
SSP-25,-0.398003036700042,1,1,Sensitive,Sensitive,Subgroup 2,Omipalisib
TFK-1,-1.30156757682854,1,1,Sensitive,Sensitive,Subgroup 2,Omipalisib
YSCCC,-0.570410485745233,1,1,Sensitive,Sensitive,Subgroup 2,Omipalisib
HuCCA-1,0.0260061060548555,2,2,Resistant,Resistant,Subgroup 1,Oxaliplatin
HuCCT-1,-0.345803030178434,2,1,Resistant,Sensitive,Subgroup 2,Oxaliplatin
HuH-28,-0.374524985894137,2,1,Resistant,Sensitive,Subgroup 2,Oxaliplatin
KKK-D068,0.989630395445384,2,2,Resistant,Resistant,Subgroup 2,Oxaliplatin
KKK-D131,0.336339847442704,2,2,Resistant,Resistant,Subgroup 2,Oxaliplatin
KKK-D138,-0.400905843041609,2,1,Resistant,Sensitive,Subgroup 1,Oxaliplatin
KKU-055,0.280668753431793,2,2,Resistant,Resistant,Subgroup 2,Oxaliplatin
KKU-100,-1.97526394727938,1,1,Sensitive,Sensitive,Subgroup 2,Oxaliplatin
KKU-156,1.14550685958617,2,2,Resistant,Resistant,Subgroup 1,Oxaliplatin
KKU-213,0.758568667726034,2,2,Resistant,Resistant,Subgroup 1,Oxaliplatin
KKU-214,1.26919571649185,2,2,Resistant,Resistant,Subgroup 1,Oxaliplatin
RBE,-1.72270317527773,1,1,Sensitive,Sensitive,Subgroup 1,Oxaliplatin
SSP-25,0.839807761404932,2,2,Resistant,Resistant,Subgroup 2,Oxaliplatin
TFK-1,0.291291615570319,2,2,Resistant,Resistant,Subgroup 2,Oxaliplatin
YSCCC,-1.11781474148275,1,1,Sensitive,Sensitive,Subgroup 2,Oxaliplatin
HuCCA-1,-0.754901781808563,1,1,Sensitive,Sensitive,Subgroup 1,Paclitaxel
HuCCT-1,-1.02773229689352,1,1,Sensitive,Sensitive,Subgroup 2,Paclitaxel
HuH-28,0.36674886187481,2,2,Resistant,Resistant,Subgroup 2,Paclitaxel
KKK-D068,0.817432728707645,2,2,Resistant,Resistant,Subgroup 2,Paclitaxel
KKK-D131,0.601583497516534,2,2,Resistant,Resistant,Subgroup 2,Paclitaxel
KKK-D138,-0.565870624849267,1,1,Sensitive,Sensitive,Subgroup 1,Paclitaxel
KKU-055,1.66673193516989,2,2,Resistant,Resistant,Subgroup 2,Paclitaxel
KKU-100,-1.40466072962054,1,1,Sensitive,Sensitive,Subgroup 2,Paclitaxel
KKU-156,-1.50239038981079,1,1,Sensitive,Sensitive,Subgroup 1,Paclitaxel
KKU-213,0.45472264864966,2,2,Resistant,Resistant,Subgroup 1,Paclitaxel
KKU-214,-0.698625990611851,1,1,Sensitive,Sensitive,Subgroup 1,Paclitaxel
RBE,1.69306887353712,2,2,Resistant,Resistant,Subgroup 1,Paclitaxel
SSP-25,-0.274533926040617,1,1,Sensitive,Sensitive,Subgroup 2,Paclitaxel
TFK-1,0.161455695720182,2,2,Resistant,Resistant,Subgroup 2,Paclitaxel
YSCCC,0.466971498459305,2,2,Resistant,Resistant,Subgroup 2,Paclitaxel
HuCCA-1,1.42715249019468,2,2,Resistant,Resistant,Subgroup 1,Pacritinib
HuCCT-1,-0.126473626897346,1,1,Sensitive,Sensitive,Subgroup 2,Pacritinib
HuH-28,-0.831788263105824,1,1,Sensitive,Sensitive,Subgroup 2,Pacritinib
KKK-D068,-0.229424241698398,1,1,Sensitive,Sensitive,Subgroup 2,Pacritinib
KKK-D131,-1.60025260806807,1,1,Sensitive,Sensitive,Subgroup 2,Pacritinib
KKK-D138,-0.879003796790465,1,1,Sensitive,Sensitive,Subgroup 1,Pacritinib
KKU-055,-1.12172878871912,1,1,Sensitive,Sensitive,Subgroup 2,Pacritinib
KKU-100,1.55358748078921,2,2,Resistant,Resistant,Subgroup 2,Pacritinib
KKU-156,-1.2989736915132,1,1,Sensitive,Sensitive,Subgroup 1,Pacritinib
KKU-213,0.242167314918225,2,2,Resistant,Resistant,Subgroup 1,Pacritinib
KKU-214,0.245903209118344,2,2,Resistant,Resistant,Subgroup 1,Pacritinib
RBE,0.00904400545264851,2,2,Resistant,Resistant,Subgroup 1,Pacritinib
SSP-25,1.00752486837921,2,2,Resistant,Resistant,Subgroup 2,Pacritinib
TFK-1,0.586533699822634,2,2,Resistant,Resistant,Subgroup 2,Pacritinib
YSCCC,1.01573194811747,2,2,Resistant,Resistant,Subgroup 2,Pacritinib
HuCCA-1,0.339339327420946,2,2,Resistant,Resistant,Subgroup 1,Palbociclib
HuCCT-1,-0.807791068040171,1,1,Sensitive,Sensitive,Subgroup 2,Palbociclib
HuH-28,1.54277585512194,2,2,Resistant,Resistant,Subgroup 2,Palbociclib
KKK-D068,1.53491924487157,2,2,Resistant,Resistant,Subgroup 2,Palbociclib
KKK-D131,-0.843911854278137,1,1,Sensitive,Sensitive,Subgroup 2,Palbociclib
KKK-D138,0.486263753864061,2,2,Resistant,Resistant,Subgroup 1,Palbociclib
KKU-055,1.54277585512194,2,2,Resistant,Resistant,Subgroup 2,Palbociclib
KKU-100,0.496200947154022,2,2,Resistant,Resistant,Subgroup 2,Palbociclib
KKU-156,-0.120856816301789,1,1,Sensitive,Sensitive,Subgroup 1,Palbociclib
KKU-213,0.385000190993186,2,2,Resistant,Resistant,Subgroup 1,Palbociclib
KKU-214,-0.483034180189301,1,1,Sensitive,Sensitive,Subgroup 1,Palbociclib
RBE,-1.27505556602439,1,1,Sensitive,Sensitive,Subgroup 1,Palbociclib
SSP-25,-0.615393532860673,1,1,Sensitive,Sensitive,Subgroup 2,Palbociclib
TFK-1,-0.824477660968263,1,1,Sensitive,Sensitive,Subgroup 2,Palbociclib
YSCCC,-1.35675449588494,1,1,Sensitive,Sensitive,Subgroup 2,Palbociclib
HuCCA-1,2.08144033271928,2,2,Resistant,Resistant,Subgroup 1,Panobinostat
HuCCT-1,0.189142401839106,1,2,Sensitive,Resistant,Subgroup 2,Panobinostat
HuH-28,0.113228006030922,1,2,Sensitive,Resistant,Subgroup 2,Panobinostat
KKK-D068,-0.442541192530497,1,1,Sensitive,Sensitive,Subgroup 2,Panobinostat
KKK-D131,-1.17988844167341,1,1,Sensitive,Sensitive,Subgroup 2,Panobinostat
KKK-D138,-0.22513676634689,1,1,Sensitive,Sensitive,Subgroup 1,Panobinostat
KKU-055,0.593182260372365,1,2,Sensitive,Resistant,Subgroup 2,Panobinostat
KKU-100,-1.250516820776,1,1,Sensitive,Sensitive,Subgroup 2,Panobinostat
KKU-156,-0.300560966083471,1,1,Sensitive,Sensitive,Subgroup 1,Panobinostat
KKU-213,-0.823942767343328,1,1,Sensitive,Sensitive,Subgroup 1,Panobinostat
KKU-214,-0.10897441650624,1,1,Sensitive,Sensitive,Subgroup 1,Panobinostat
RBE,1.49682647208844,2,2,Resistant,Resistant,Subgroup 1,Panobinostat
SSP-25,-0.353715002787194,1,1,Sensitive,Sensitive,Subgroup 2,Panobinostat
TFK-1,1.30898079112068,2,2,Resistant,Resistant,Subgroup 2,Panobinostat
YSCCC,-1.09752389012377,1,1,Sensitive,Sensitive,Subgroup 2,Panobinostat
HuCCA-1,-1.81391988955159,1,1,Sensitive,Sensitive,Subgroup 1,PD0325901
HuCCT-1,-0.814912336182936,1,1,Sensitive,Sensitive,Subgroup 2,PD0325901
HuH-28,0.122529245884779,1,2,Sensitive,Resistant,Subgroup 2,PD0325901
KKK-D068,0.0193565243733548,1,2,Sensitive,Resistant,Subgroup 2,PD0325901
KKK-D131,0.0532291279349307,1,2,Sensitive,Resistant,Subgroup 2,PD0325901
KKK-D138,-0.967296656512658,1,1,Sensitive,Sensitive,Subgroup 1,PD0325901
KKU-055,1.60712435235088,2,2,Resistant,Resistant,Subgroup 2,PD0325901
KKU-100,0.0081679560059003,1,2,Sensitive,Resistant,Subgroup 2,PD0325901
KKU-156,-0.0911838432652277,1,2,Sensitive,Resistant,Subgroup 1,PD0325901
KKU-213,-0.546457858494759,1,1,Sensitive,Sensitive,Subgroup 1,PD0325901
KKU-214,-0.384346939773139,1,1,Sensitive,Sensitive,Subgroup 1,PD0325901
RBE,-0.838023285384012,1,1,Sensitive,Sensitive,Subgroup 1,PD0325901
SSP-25,1.60712435235088,2,2,Resistant,Resistant,Subgroup 2,PD0325901
TFK-1,1.60712435235088,2,2,Resistant,Resistant,Subgroup 2,PD0325901
YSCCC,0.431484897912716,1,2,Sensitive,Resistant,Subgroup 2,PD0325901
HuCCA-1,-2.22849259533635,1,1,Sensitive,Sensitive,Subgroup 1,PD318088
HuCCT-1,-0.81228746382915,1,1,Sensitive,Sensitive,Subgroup 2,PD318088
HuH-28,0.247445355038838,2,2,Resistant,Resistant,Subgroup 2,PD318088
KKK-D068,0.39307881387679,2,2,Resistant,Resistant,Subgroup 2,PD318088
KKK-D131,0.53211158897532,2,2,Resistant,Resistant,Subgroup 2,PD318088
KKK-D138,-0.788395436986022,1,1,Sensitive,Sensitive,Subgroup 1,PD318088
KKU-055,1.28657219523453,2,2,Resistant,Resistant,Subgroup 2,PD318088
KKU-100,-0.744851356076039,1,1,Sensitive,Sensitive,Subgroup 2,PD318088
KKU-156,0.169944500712093,2,2,Resistant,Resistant,Subgroup 1,PD318088
KKU-213,-0.30475346274801,2,1,Resistant,Sensitive,Subgroup 1,PD318088
KKU-214,0.0254310151466228,2,2,Resistant,Resistant,Subgroup 1,PD318088
RBE,-1.05472011338335,1,1,Sensitive,Sensitive,Subgroup 1,PD318088
SSP-25,1.28657219523453,2,2,Resistant,Resistant,Subgroup 2,PD318088
TFK-1,1.28657219523453,2,2,Resistant,Resistant,Subgroup 2,PD318088
YSCCC,0.705772568905679,2,2,Resistant,Resistant,Subgroup 2,PD318088
HuCCA-1,0.374219580050542,2,2,Resistant,Resistant,Subgroup 1,PHA665752
HuCCT-1,0.457673888195075,2,2,Resistant,Resistant,Subgroup 2,PHA665752
HuH-28,0.178102938097272,2,2,Resistant,Resistant,Subgroup 2,PHA665752
KKK-D068,0.0240946115443031,2,2,Resistant,Resistant,Subgroup 2,PHA665752
KKK-D131,2.15083952015539,1,2,Sensitive,Resistant,Subgroup 2,PHA665752
KKK-D138,-0.325930059217766,1,1,Sensitive,Sensitive,Subgroup 1,PHA665752
KKU-055,-1.64800286873291,1,1,Sensitive,Sensitive,Subgroup 2,PHA665752
KKU-100,0.190626513288985,2,2,Resistant,Resistant,Subgroup 2,PHA665752
KKU-156,0.558794701076308,2,2,Resistant,Resistant,Subgroup 1,PHA665752
KKU-213,0.142608189471806,2,2,Resistant,Resistant,Subgroup 1,PHA665752
KKU-214,0.178855317202721,2,2,Resistant,Resistant,Subgroup 1,PHA665752
RBE,-1.04568159366443,1,1,Sensitive,Sensitive,Subgroup 1,PHA665752
SSP-25,-0.114513700088721,2,2,Resistant,Resistant,Subgroup 2,PHA665752
TFK-1,-1.98094351821873,1,1,Sensitive,Sensitive,Subgroup 2,PHA665752
YSCCC,0.859256480840155,1,2,Sensitive,Resistant,Subgroup 2,PHA665752
HuCCA-1,0.258198889747161,2,2,Resistant,Resistant,Subgroup 1,PLX4720
HuCCT-1,0.258198889747161,2,2,Resistant,Resistant,Subgroup 2,PLX4720
HuH-28,0.258198889747161,2,2,Resistant,Resistant,Subgroup 2,PLX4720
KKK-D068,0.258198889747161,2,2,Resistant,Resistant,Subgroup 2,PLX4720
KKK-D131,0.258198889747161,2,2,Resistant,Resistant,Subgroup 2,PLX4720
KKK-D138,0.258198889747161,2,2,Resistant,Resistant,Subgroup 1,PLX4720
KKU-055,0.258198889747161,2,2,Resistant,Resistant,Subgroup 2,PLX4720
KKU-100,-3.61478445646026,1,1,Sensitive,Sensitive,Subgroup 2,PLX4720
KKU-156,0.258198889747161,2,2,Resistant,Resistant,Subgroup 1,PLX4720
KKU-213,0.258198889747161,2,2,Resistant,Resistant,Subgroup 1,PLX4720
KKU-214,0.258198889747161,2,2,Resistant,Resistant,Subgroup 1,PLX4720
RBE,0.258198889747161,2,2,Resistant,Resistant,Subgroup 1,PLX4720
SSP-25,0.258198889747161,2,2,Resistant,Resistant,Subgroup 2,PLX4720
TFK-1,0.258198889747161,2,2,Resistant,Resistant,Subgroup 2,PLX4720
YSCCC,0.258198889747161,2,2,Resistant,Resistant,Subgroup 2,PLX4720
HuCCA-1,0.392780663873286,2,2,Resistant,Resistant,Subgroup 1,RAF265
HuCCT-1,0.701781763877074,2,2,Resistant,Resistant,Subgroup 2,RAF265
HuH-28,0.701781763877074,2,2,Resistant,Resistant,Subgroup 2,RAF265
KKK-D068,-1.77150900173064,1,1,Sensitive,Sensitive,Subgroup 2,RAF265
KKK-D131,0.701781763877074,2,2,Resistant,Resistant,Subgroup 2,RAF265
KKK-D138,-1.09397936007294,1,1,Sensitive,Sensitive,Subgroup 1,RAF265
KKU-055,-1.50010197589373,1,1,Sensitive,Sensitive,Subgroup 2,RAF265
KKU-100,-1.82608617203795,1,1,Sensitive,Sensitive,Subgroup 2,RAF265
KKU-156,0.701781763877074,2,2,Resistant,Resistant,Subgroup 1,RAF265
KKU-213,-0.0146514846074529,2,1,Resistant,Sensitive,Subgroup 1,RAF265
KKU-214,0.701781763877074,2,2,Resistant,Resistant,Subgroup 1,RAF265
RBE,0.640439418004404,2,2,Resistant,Resistant,Subgroup 1,RAF265
SSP-25,0.701781763877074,2,2,Resistant,Resistant,Subgroup 2,RAF265
TFK-1,0.260635565325503,2,2,Resistant,Resistant,Subgroup 2,RAF265
YSCCC,0.701781763877074,2,2,Resistant,Resistant,Subgroup 2,RAF265
HuCCA-1,-0.780445270607651,2,1,Resistant,Sensitive,Subgroup 1,Ribociclib
HuCCT-1,0.414416783989041,2,2,Resistant,Resistant,Subgroup 2,Ribociclib
HuH-28,-2.23870017261014,1,1,Sensitive,Sensitive,Subgroup 2,Ribociclib
KKK-D068,1.31269790200538,2,2,Resistant,Resistant,Subgroup 2,Ribociclib
KKK-D131,0.0851802554507858,2,1,Resistant,Sensitive,Subgroup 2,Ribociclib
KKK-D138,-1.06499012711786,2,1,Resistant,Sensitive,Subgroup 1,Ribociclib
KKU-055,1.31269790200538,2,2,Resistant,Resistant,Subgroup 2,Ribociclib
KKU-100,1.27616727545778,2,2,Resistant,Resistant,Subgroup 2,Ribociclib
KKU-156,-0.157877381377278,2,1,Resistant,Sensitive,Subgroup 1,Ribociclib
KKU-213,-0.0431078148884145,2,1,Resistant,Sensitive,Subgroup 1,Ribociclib
KKU-214,-0.0525156569003274,2,1,Resistant,Sensitive,Subgroup 1,Ribociclib
RBE,-1.06869536687326,2,1,Resistant,Sensitive,Subgroup 1,Ribociclib
SSP-25,0.499263380043669,2,2,Resistant,Resistant,Subgroup 2,Ribociclib
TFK-1,0.723105485885886,2,2,Resistant,Resistant,Subgroup 2,Ribociclib
YSCCC,-0.217197194462995,2,1,Resistant,Sensitive,Subgroup 2,Ribociclib
HuCCA-1,-1.50757361016862,1,1,Sensitive,Sensitive,Subgroup 1,RO3306
HuCCT-1,-0.564409176544651,1,1,Sensitive,Sensitive,Subgroup 2,RO3306
HuH-28,0.520081438409331,2,2,Resistant,Resistant,Subgroup 2,RO3306
KKK-D068,0.741820037023606,2,2,Resistant,Resistant,Subgroup 2,RO3306
KKK-D131,2.09092736739743,2,2,Resistant,Resistant,Subgroup 2,RO3306
KKK-D138,-1.26534040918673,1,1,Sensitive,Sensitive,Subgroup 1,RO3306
KKU-055,-0.182486287187823,1,1,Sensitive,Sensitive,Subgroup 2,RO3306
KKU-100,0.852331314254981,2,2,Resistant,Resistant,Subgroup 2,RO3306
KKU-156,-0.556634117141649,1,1,Sensitive,Sensitive,Subgroup 1,RO3306
KKU-213,-0.448679828466621,1,1,Sensitive,Sensitive,Subgroup 1,RO3306
KKU-214,0.13700252831378,1,2,Sensitive,Resistant,Subgroup 1,RO3306
RBE,-0.959273125885295,1,1,Sensitive,Sensitive,Subgroup 1,RO3306
SSP-25,-0.665584237951466,1,1,Sensitive,Sensitive,Subgroup 2,RO3306
TFK-1,1.30876311160838,2,2,Resistant,Resistant,Subgroup 2,RO3306
YSCCC,0.499054995525354,2,2,Resistant,Resistant,Subgroup 2,RO3306
HuCCA-1,0.392023243235191,2,2,Resistant,Resistant,Subgroup 1,Ruxolitinib
HuCCT-1,0.392023243235191,2,2,Resistant,Resistant,Subgroup 2,Ruxolitinib
HuH-28,-3.12675973695699,1,1,Sensitive,Sensitive,Subgroup 2,Ruxolitinib
KKK-D068,0.392023243235191,2,2,Resistant,Resistant,Subgroup 2,Ruxolitinib
KKK-D131,0.392023243235191,2,2,Resistant,Resistant,Subgroup 2,Ruxolitinib
KKK-D138,0.392023243235191,2,2,Resistant,Resistant,Subgroup 1,Ruxolitinib
KKU-055,0.392023243235191,2,2,Resistant,Resistant,Subgroup 2,Ruxolitinib
KKU-100,-1.54205351893437,1,1,Sensitive,Sensitive,Subgroup 2,Ruxolitinib
KKU-156,0.392023243235191,2,2,Resistant,Resistant,Subgroup 1,Ruxolitinib
KKU-213,-0.0354656629309347,2,2,Resistant,Resistant,Subgroup 1,Ruxolitinib
KKU-214,0.392023243235191,2,2,Resistant,Resistant,Subgroup 1,Ruxolitinib
RBE,0.392023243235191,2,2,Resistant,Resistant,Subgroup 1,Ruxolitinib
SSP-25,0.392023243235191,2,2,Resistant,Resistant,Subgroup 2,Ruxolitinib
TFK-1,0.392023243235191,2,2,Resistant,Resistant,Subgroup 2,Ruxolitinib
YSCCC,0.392023243235191,2,2,Resistant,Resistant,Subgroup 2,Ruxolitinib
HuCCA-1,-1.11074383979543,1,1,Sensitive,Sensitive,Subgroup 1,Saracatinib
HuCCT-1,1.35100774798789,2,2,Resistant,Resistant,Subgroup 2,Saracatinib
HuH-28,0.0227936055041579,2,2,Resistant,Resistant,Subgroup 2,Saracatinib
KKK-D068,1.35100774798789,2,2,Resistant,Resistant,Subgroup 2,Saracatinib
KKK-D131,1.31596460525854,2,2,Resistant,Resistant,Subgroup 2,Saracatinib
KKK-D138,-0.69880292844244,1,1,Sensitive,Sensitive,Subgroup 1,Saracatinib
KKU-055,0.491031059149976,2,2,Resistant,Resistant,Subgroup 2,Saracatinib
KKU-100,0.665599310332817,2,2,Resistant,Resistant,Subgroup 2,Saracatinib
KKU-156,-1.15939873381264,1,1,Sensitive,Sensitive,Subgroup 1,Saracatinib
KKU-213,-0.677598996590933,1,1,Sensitive,Sensitive,Subgroup 1,Saracatinib
KKU-214,-1.26638328292389,1,1,Sensitive,Sensitive,Subgroup 1,Saracatinib
RBE,-1.46005060774623,1,1,Sensitive,Sensitive,Subgroup 1,Saracatinib
SSP-25,0.0286016131878559,2,2,Resistant,Resistant,Subgroup 2,Saracatinib
TFK-1,0.65610270900087,2,2,Resistant,Resistant,Subgroup 2,Saracatinib
YSCCC,0.490869990901557,2,2,Resistant,Resistant,Subgroup 2,Saracatinib
HuCCA-1,-3.16877720660992,1,1,Sensitive,Sensitive,Subgroup 1,SB203580
HuCCT-1,0.498690726765849,2,2,Resistant,Resistant,Subgroup 2,SB203580
HuH-28,0.498690726765849,2,2,Resistant,Resistant,Subgroup 2,SB203580
KKK-D068,0.446999935716102,2,2,Resistant,Resistant,Subgroup 2,SB203580
KKK-D131,-0.0546797350011332,2,1,Resistant,Sensitive,Subgroup 2,SB203580
KKK-D138,-0.324386888206022,2,1,Resistant,Sensitive,Subgroup 1,SB203580
KKU-055,0.498690726765849,2,2,Resistant,Resistant,Subgroup 2,SB203580
KKU-100,-0.21924352047521,2,1,Resistant,Sensitive,Subgroup 2,SB203580
KKU-156,0.498690726765849,2,2,Resistant,Resistant,Subgroup 1,SB203580
KKU-213,0.498690726765849,2,2,Resistant,Resistant,Subgroup 1,SB203580
KKU-214,0.498690726765849,2,2,Resistant,Resistant,Subgroup 1,SB203580
RBE,-1.16812912631646,2,1,Resistant,Sensitive,Subgroup 1,SB203580
SSP-25,0.498690726765849,2,2,Resistant,Resistant,Subgroup 2,SB203580
TFK-1,0.498690726765849,2,2,Resistant,Resistant,Subgroup 2,SB203580
YSCCC,0.498690726765849,2,2,Resistant,Resistant,Subgroup 2,SB203580
HuCCA-1,-2.19135563565569,1,1,Sensitive,Sensitive,Subgroup 1,Selumetinib
HuCCT-1,-0.29396628538068,2,1,Resistant,Sensitive,Subgroup 2,Selumetinib
HuH-28,-0.639394301346278,2,1,Resistant,Sensitive,Subgroup 2,Selumetinib
KKK-D068,1.00045923790002,2,2,Resistant,Resistant,Subgroup 2,Selumetinib
KKK-D131,0.467580856304256,2,2,Resistant,Resistant,Subgroup 2,Selumetinib
KKK-D138,-0.749440817612743,1,1,Sensitive,Sensitive,Subgroup 1,Selumetinib
KKU-055,1.15445234187125,2,2,Resistant,Resistant,Subgroup 2,Selumetinib
KKU-100,0.740018153926611,2,2,Resistant,Resistant,Subgroup 2,Selumetinib
KKU-156,0.165501886465431,2,2,Resistant,Resistant,Subgroup 1,Selumetinib
KKU-213,-0.686086545544535,1,1,Sensitive,Sensitive,Subgroup 1,Selumetinib
KKU-214,-0.123300517790431,2,1,Resistant,Sensitive,Subgroup 1,Selumetinib
RBE,-1.3503648544276,1,1,Sensitive,Sensitive,Subgroup 1,Selumetinib
SSP-25,1.15445234187125,2,2,Resistant,Resistant,Subgroup 2,Selumetinib
TFK-1,1.15445234187125,2,2,Resistant,Resistant,Subgroup 2,Selumetinib
YSCCC,0.196991797547875,2,2,Resistant,Resistant,Subgroup 2,Selumetinib
HuCCA-1,-1.15074692894004,1,1,Sensitive,Sensitive,Subgroup 1,SH-4-54
HuCCT-1,-0.53848488666174,1,1,Sensitive,Sensitive,Subgroup 2,SH-4-54
HuH-28,-0.993701386075781,1,1,Sensitive,Sensitive,Subgroup 2,SH-4-54
KKK-D068,-0.761118290890227,1,1,Sensitive,Sensitive,Subgroup 2,SH-4-54
KKK-D131,0.901638065475553,2,2,Resistant,Resistant,Subgroup 2,SH-4-54
KKK-D138,0.901638065475553,2,2,Resistant,Resistant,Subgroup 1,SH-4-54
KKU-055,-2.14612785358949,1,1,Sensitive,Sensitive,Subgroup 2,SH-4-54
KKU-100,-0.73867869975543,1,1,Sensitive,Sensitive,Subgroup 2,SH-4-54
KKU-156,0.779715199414858,2,2,Resistant,Resistant,Subgroup 1,SH-4-54
KKU-213,0.363079952721014,2,2,Resistant,Resistant,Subgroup 1,SH-4-54
KKU-214,-0.223765499076485,1,1,Sensitive,Sensitive,Subgroup 1,SH-4-54
RBE,0.901638065475553,2,2,Resistant,Resistant,Subgroup 1,SH-4-54
SSP-25,0.901638065475553,2,2,Resistant,Resistant,Subgroup 2,SH-4-54
TFK-1,0.901638065475553,2,2,Resistant,Resistant,Subgroup 2,SH-4-54
YSCCC,0.901638065475553,2,2,Resistant,Resistant,Subgroup 2,SH-4-54
HuCCA-1,0.494979302300544,1,2,Sensitive,Resistant,Subgroup 1,Staurosporine
HuCCT-1,0.064399948703877,1,2,Sensitive,Resistant,Subgroup 2,Staurosporine
HuH-28,-0.906741329447378,1,1,Sensitive,Sensitive,Subgroup 2,Staurosporine
KKK-D068,-0.906741329447378,1,1,Sensitive,Sensitive,Subgroup 2,Staurosporine
KKK-D131,-0.0198623334815337,1,1,Sensitive,Sensitive,Subgroup 2,Staurosporine
KKK-D138,-0.0775474312731773,1,1,Sensitive,Sensitive,Subgroup 1,Staurosporine
KKU-055,0.481956936010468,1,2,Sensitive,Resistant,Subgroup 2,Staurosporine
KKU-100,-0.906741329447378,1,1,Sensitive,Sensitive,Subgroup 2,Staurosporine
KKU-156,-0.906741329447378,1,1,Sensitive,Sensitive,Subgroup 1,Staurosporine
KKU-213,0.721836296061437,1,2,Sensitive,Resistant,Subgroup 1,Staurosporine
KKU-214,-0.668358330767128,1,1,Sensitive,Sensitive,Subgroup 1,Staurosporine
RBE,-0.906741329447378,1,1,Sensitive,Sensitive,Subgroup 1,Staurosporine
SSP-25,0.524035254210899,1,2,Sensitive,Resistant,Subgroup 2,Staurosporine
TFK-1,2.85187096585857,2,2,Resistant,Resistant,Subgroup 2,Staurosporine
YSCCC,0.160396039612934,1,2,Sensitive,Resistant,Subgroup 2,Staurosporine
HuCCA-1,1.56801690899859,2,2,Resistant,Resistant,Subgroup 1,Sunitinib
HuCCT-1,-0.250997064235765,2,1,Resistant,Sensitive,Subgroup 2,Sunitinib
HuH-28,-0.760982757107033,1,1,Sensitive,Sensitive,Subgroup 2,Sunitinib
KKK-D068,0.26279244092108,2,2,Resistant,Resistant,Subgroup 2,Sunitinib
KKK-D131,1.56801690899859,2,2,Resistant,Resistant,Subgroup 2,Sunitinib
KKK-D138,-0.906443638173405,1,1,Sensitive,Sensitive,Subgroup 1,Sunitinib
KKU-055,-1.99297016606259,1,1,Sensitive,Sensitive,Subgroup 2,Sunitinib
KKU-100,0.137628412730926,2,2,Resistant,Resistant,Subgroup 2,Sunitinib
KKU-156,-0.189670382616415,2,1,Resistant,Sensitive,Subgroup 1,Sunitinib
KKU-213,-0.533038721743722,1,1,Sensitive,Sensitive,Subgroup 1,Sunitinib
KKU-214,-1.30596900582445,1,1,Sensitive,Sensitive,Subgroup 1,Sunitinib
RBE,0.756092506091645,2,2,Resistant,Resistant,Subgroup 1,Sunitinib
SSP-25,0.598192052924744,2,2,Resistant,Resistant,Subgroup 2,Sunitinib
TFK-1,0.361477827482498,2,2,Resistant,Resistant,Subgroup 2,Sunitinib
YSCCC,0.687854677615321,2,2,Resistant,Resistant,Subgroup 2,Sunitinib
HuCCA-1,-1.03868743172155,2,1,Resistant,Sensitive,Subgroup 1,TAE684
HuCCT-1,0.445487000812596,2,2,Resistant,Resistant,Subgroup 2,TAE684
HuH-28,-2.47922914980357,1,1,Sensitive,Sensitive,Subgroup 2,TAE684
KKK-D068,0.10811455370952,2,2,Resistant,Resistant,Subgroup 2,TAE684
KKK-D131,0.58334983255569,2,2,Resistant,Resistant,Subgroup 2,TAE684
KKK-D138,-0.278099425951269,2,1,Resistant,Sensitive,Subgroup 1,TAE684
KKU-055,-0.889504622679628,2,1,Resistant,Sensitive,Subgroup 2,TAE684
KKU-100,0.883647365011448,2,2,Resistant,Resistant,Subgroup 2,TAE684
KKU-156,1.40551742473498,2,2,Resistant,Resistant,Subgroup 1,TAE684
KKU-213,0.43639150082975,2,2,Resistant,Resistant,Subgroup 1,TAE684
KKU-214,-0.312788032255873,2,1,Resistant,Sensitive,Subgroup 1,TAE684
RBE,1.29621882083995,2,2,Resistant,Resistant,Subgroup 1,TAE684
SSP-25,0.471900853754252,2,2,Resistant,Resistant,Subgroup 2,TAE684
TFK-1,0.00646747017122737,2,2,Resistant,Resistant,Subgroup 2,TAE684
YSCCC,-0.638786160007523,2,1,Resistant,Sensitive,Subgroup 2,TAE684
HuCCA-1,-1.39091735717114,1,1,Sensitive,Sensitive,Subgroup 1,TAK733
HuCCT-1,0.142304688024545,1,2,Sensitive,Resistant,Subgroup 2,TAK733
HuH-28,0.033656674579663,1,2,Sensitive,Resistant,Subgroup 2,TAK733
KKK-D068,1.3090462781065,2,2,Resistant,Resistant,Subgroup 2,TAK733
KKK-D131,-0.188418215595119,1,1,Sensitive,Sensitive,Subgroup 2,TAK733
KKK-D138,-1.5017284225188,1,1,Sensitive,Sensitive,Subgroup 1,TAK733
KKU-055,1.06637327842718,2,2,Resistant,Resistant,Subgroup 2,TAK733
KKU-100,0.16898703005717,1,2,Sensitive,Resistant,Subgroup 2,TAK733
KKU-156,-0.617378230492228,1,1,Sensitive,Sensitive,Subgroup 1,TAK733
KKU-213,-0.477453428730501,1,1,Sensitive,Sensitive,Subgroup 1,TAK733
KKU-214,-1.09680464001955,1,1,Sensitive,Sensitive,Subgroup 1,TAK733
RBE,-0.942215175910432,1,1,Sensitive,Sensitive,Subgroup 1,TAK733
SSP-25,1.3090462781065,2,2,Resistant,Resistant,Subgroup 2,TAK733
TFK-1,1.2828658166501,2,2,Resistant,Resistant,Subgroup 2,TAK733
YSCCC,0.902635426486107,2,2,Resistant,Resistant,Subgroup 2,TAK733
HuCCA-1,0.653963221173877,2,2,Resistant,Resistant,Subgroup 1,Tanespimycin
HuCCT-1,-0.746931705631914,1,1,Sensitive,Sensitive,Subgroup 2,Tanespimycin
HuH-28,-1.29818331183268,1,1,Sensitive,Sensitive,Subgroup 2,Tanespimycin
KKK-D068,0.454518147914258,2,2,Resistant,Resistant,Subgroup 2,Tanespimycin
KKK-D131,1.51951140125316,2,2,Resistant,Resistant,Subgroup 2,Tanespimycin
KKK-D138,-0.59916620154892,1,1,Sensitive,Sensitive,Subgroup 1,Tanespimycin
KKU-055,-0.770795433026556,1,1,Sensitive,Sensitive,Subgroup 2,Tanespimycin
KKU-100,-0.979271305155289,1,1,Sensitive,Sensitive,Subgroup 2,Tanespimycin
KKU-156,1.35279506838208,2,2,Resistant,Resistant,Subgroup 1,Tanespimycin
KKU-213,1.09277941011303,2,2,Resistant,Resistant,Subgroup 1,Tanespimycin
KKU-214,0.590443655625271,2,2,Resistant,Resistant,Subgroup 1,Tanespimycin
RBE,1.18600645327481,2,2,Resistant,Resistant,Subgroup 1,Tanespimycin
SSP-25,-0.749015922996556,1,1,Sensitive,Sensitive,Subgroup 2,Tanespimycin
TFK-1,-1.08216215701429,1,1,Sensitive,Sensitive,Subgroup 2,Tanespimycin
YSCCC,-0.624491320530289,1,1,Sensitive,Sensitive,Subgroup 2,Tanespimycin
HuCCA-1,-1.26030485625632,1,1,Sensitive,Sensitive,Subgroup 1,Topotecan
HuCCT-1,0.600773533147251,2,2,Resistant,Resistant,Subgroup 2,Topotecan
HuH-28,-1.26030485625632,1,1,Sensitive,Sensitive,Subgroup 2,Topotecan
KKK-D068,0.72269794379204,2,2,Resistant,Resistant,Subgroup 2,Topotecan
KKK-D131,-0.0780437705286155,2,1,Resistant,Sensitive,Subgroup 2,Topotecan
KKK-D138,0.0954896525030993,2,2,Resistant,Resistant,Subgroup 1,Topotecan
KKU-055,-1.26030485625632,1,1,Sensitive,Sensitive,Subgroup 2,Topotecan
KKU-100,-1.26030485625632,1,1,Sensitive,Sensitive,Subgroup 2,Topotecan
KKU-156,1.98125566975132,2,2,Resistant,Resistant,Subgroup 1,Topotecan
KKU-213,0.226468603418659,2,2,Resistant,Resistant,Subgroup 1,Topotecan
KKU-214,1.00382416153539,2,2,Resistant,Resistant,Subgroup 1,Topotecan
RBE,-0.45970838574286,1,1,Sensitive,Sensitive,Subgroup 1,Topotecan
SSP-25,0.670683385536494,2,2,Resistant,Resistant,Subgroup 2,Topotecan
TFK-1,0.868287329601308,2,2,Resistant,Resistant,Subgroup 2,Topotecan
YSCCC,-0.590508697988816,1,1,Sensitive,Sensitive,Subgroup 2,Topotecan
HuCCA-1,-0.0445530658627881,1,1,Sensitive,Sensitive,Subgroup 1,Trichostatin
HuCCT-1,-0.378350040446895,1,1,Sensitive,Sensitive,Subgroup 2,Trichostatin
HuH-28,2.42715374652838,2,2,Resistant,Resistant,Subgroup 2,Trichostatin
KKK-D068,1.41773092222977,2,2,Resistant,Resistant,Subgroup 2,Trichostatin
KKK-D131,0.380169871867783,1,2,Sensitive,Resistant,Subgroup 2,Trichostatin
KKK-D138,-0.0713305860185503,1,1,Sensitive,Sensitive,Subgroup 1,Trichostatin
KKU-055,-0.324465633760775,1,1,Sensitive,Sensitive,Subgroup 2,Trichostatin
KKU-100,-1.08603705150027,1,1,Sensitive,Sensitive,Subgroup 2,Trichostatin
KKU-156,-0.340306037008211,1,1,Sensitive,Sensitive,Subgroup 1,Trichostatin
KKU-213,-1.06315736334247,1,1,Sensitive,Sensitive,Subgroup 1,Trichostatin
KKU-214,-0.380146546032796,1,1,Sensitive,Sensitive,Subgroup 1,Trichostatin
RBE,0.487528213024495,1,2,Sensitive,Resistant,Subgroup 1,Trichostatin
SSP-25,-1.01486387376726,1,1,Sensitive,Sensitive,Subgroup 2,Trichostatin
TFK-1,0.959979168635694,2,2,Resistant,Resistant,Subgroup 2,Trichostatin
YSCCC,-0.969351724546102,1,1,Sensitive,Sensitive,Subgroup 2,Trichostatin
HuCCA-1,-1.92546735057564,1,1,Sensitive,Sensitive,Subgroup 1,Vandetanib
HuCCT-1,0.0792135291353245,2,2,Resistant,Resistant,Subgroup 2,Vandetanib
HuH-28,-2.01534617271202,1,1,Sensitive,Sensitive,Subgroup 2,Vandetanib
KKK-D068,0.970815630390661,2,2,Resistant,Resistant,Subgroup 2,Vandetanib
KKK-D131,1.55495593873464,2,2,Resistant,Resistant,Subgroup 2,Vandetanib
KKK-D138,-0.521681504320036,2,1,Resistant,Sensitive,Subgroup 1,Vandetanib
KKU-055,0.842303405060887,2,2,Resistant,Resistant,Subgroup 2,Vandetanib
KKU-100,0.99363020662675,2,2,Resistant,Resistant,Subgroup 2,Vandetanib
KKU-156,-0.417471953578341,2,1,Resistant,Sensitive,Subgroup 1,Vandetanib
KKU-213,-0.0233317032762991,2,1,Resistant,Sensitive,Subgroup 1,Vandetanib
KKU-214,-0.383720067001507,2,1,Resistant,Sensitive,Subgroup 1,Vandetanib
RBE,-0.136329259873484,2,1,Resistant,Sensitive,Subgroup 1,Vandetanib
SSP-25,0.225276380729442,2,2,Resistant,Resistant,Subgroup 2,Vandetanib
TFK-1,0.708226471609592,2,2,Resistant,Resistant,Subgroup 2,Vandetanib
YSCCC,0.0489264490500257,2,2,Resistant,Resistant,Subgroup 2,Vandetanib
HuCCA-1,0.523353709793686,2,2,Resistant,Resistant,Subgroup 1,Vincristine
HuCCT-1,-0.53355009681677,1,1,Sensitive,Sensitive,Subgroup 2,Vincristine
HuH-28,-1.33950087930523,1,1,Sensitive,Sensitive,Subgroup 2,Vincristine
KKK-D068,-0.573701516651465,1,1,Sensitive,Sensitive,Subgroup 2,Vincristine
KKK-D131,-0.176984887679112,1,1,Sensitive,Sensitive,Subgroup 2,Vincristine
KKK-D138,1.17139398423036,2,2,Resistant,Resistant,Subgroup 1,Vincristine
KKU-055,-1.33950087930523,1,1,Sensitive,Sensitive,Subgroup 2,Vincristine
KKU-100,0.216816660565022,2,2,Resistant,Resistant,Subgroup 2,Vincristine
KKU-156,-0.677511038833593,1,1,Sensitive,Sensitive,Subgroup 1,Vincristine
KKU-213,-0.789978387902642,1,1,Sensitive,Sensitive,Subgroup 1,Vincristine
KKU-214,-1.04845659137214,1,1,Sensitive,Sensitive,Subgroup 1,Vincristine
RBE,1.84153254235607,2,2,Resistant,Resistant,Subgroup 1,Vincristine
SSP-25,0.963108535190836,2,2,Resistant,Resistant,Subgroup 2,Vincristine
TFK-1,0.976499739678992,2,2,Resistant,Resistant,Subgroup 2,Vincristine
YSCCC,0.786479106051216,2,2,Resistant,Resistant,Subgroup 2,Vincristine
HuCCA-1,-1.2459894981726,1,1,Sensitive,Sensitive,Subgroup 1,Vinorelbine tartrate
HuCCT-1,0.456719526461831,2,2,Resistant,Resistant,Subgroup 2,Vinorelbine tartrate
HuH-28,-0.938145181567405,1,1,Sensitive,Sensitive,Subgroup 2,Vinorelbine tartrate
KKK-D068,-1.2459894981726,1,1,Sensitive,Sensitive,Subgroup 2,Vinorelbine tartrate
KKK-D131,-0.303082329002391,1,1,Sensitive,Sensitive,Subgroup 2,Vinorelbine tartrate
KKK-D138,-0.277583072153311,1,1,Sensitive,Sensitive,Subgroup 1,Vinorelbine tartrate
KKU-055,-1.2459894981726,1,1,Sensitive,Sensitive,Subgroup 2,Vinorelbine tartrate
KKU-100,-0.260273981882743,1,1,Sensitive,Sensitive,Subgroup 2,Vinorelbine tartrate
KKU-156,-0.620251801583965,1,1,Sensitive,Sensitive,Subgroup 1,Vinorelbine tartrate
KKU-213,0.0258503651335999,1,2,Sensitive,Resistant,Subgroup 1,Vinorelbine tartrate
KKU-214,0.638891691698293,2,2,Resistant,Resistant,Subgroup 1,Vinorelbine tartrate
RBE,1.82231648384163,2,2,Resistant,Resistant,Subgroup 1,Vinorelbine tartrate
SSP-25,0.487986867555587,2,2,Resistant,Resistant,Subgroup 2,Vinorelbine tartrate
TFK-1,1.40105437947365,2,2,Resistant,Resistant,Subgroup 2,Vinorelbine tartrate
YSCCC,1.30448554654304,2,2,Resistant,Resistant,Subgroup 2,Vinorelbine tartrate
HuCCA-1,-1.97816856501076,1,1,Sensitive,Sensitive,Subgroup 1,Vismodegib
HuCCT-1,0.373432358830017,2,2,Resistant,Resistant,Subgroup 2,Vismodegib
HuH-28,0.373432358830017,2,2,Resistant,Resistant,Subgroup 2,Vismodegib
KKK-D068,0.373432358830017,2,2,Resistant,Resistant,Subgroup 2,Vismodegib
KKK-D131,0.373432358830017,2,2,Resistant,Resistant,Subgroup 2,Vismodegib
KKK-D138,0.373432358830017,2,2,Resistant,Resistant,Subgroup 1,Vismodegib
KKU-055,0.373432358830017,2,2,Resistant,Resistant,Subgroup 2,Vismodegib
KKU-100,0.373432358830017,2,2,Resistant,Resistant,Subgroup 2,Vismodegib
KKU-156,-2.87645209977947,1,1,Sensitive,Sensitive,Subgroup 1,Vismodegib
KKU-213,0.373432358830017,2,2,Resistant,Resistant,Subgroup 1,Vismodegib
KKU-214,0.373432358830017,2,2,Resistant,Resistant,Subgroup 1,Vismodegib
RBE,0.373432358830017,2,2,Resistant,Resistant,Subgroup 1,Vismodegib
SSP-25,0.373432358830017,2,2,Resistant,Resistant,Subgroup 2,Vismodegib
TFK-1,0.373432358830017,2,2,Resistant,Resistant,Subgroup 2,Vismodegib
YSCCC,0.373432358830017,2,2,Resistant,Resistant,Subgroup 2,Vismodegib
HuCCA-1,0.911844559732331,1,2,Sensitive,Resistant,Subgroup 1,Vorinostat
HuCCT-1,0.44556760675881,2,2,Resistant,Resistant,Subgroup 2,Vorinostat
HuH-28,1.37342925579091,1,2,Sensitive,Resistant,Subgroup 2,Vorinostat
KKK-D068,0.515799455046519,2,2,Resistant,Resistant,Subgroup 2,Vorinostat
KKK-D131,0.456333196946277,2,2,Resistant,Resistant,Subgroup 2,Vorinostat
KKK-D138,0.330457267117034,2,2,Resistant,Resistant,Subgroup 1,Vorinostat
KKU-055,0.609661719397526,2,2,Resistant,Resistant,Subgroup 2,Vorinostat
KKU-100,-0.909271141864147,1,1,Sensitive,Sensitive,Subgroup 2,Vorinostat
KKU-156,-0.547196452592454,1,1,Sensitive,Sensitive,Subgroup 1,Vorinostat
KKU-213,-1.18548618828423,1,1,Sensitive,Sensitive,Subgroup 1,Vorinostat
KKU-214,-0.0213067134176494,1,1,Sensitive,Sensitive,Subgroup 1,Vorinostat
RBE,-0.583735925890763,1,1,Sensitive,Sensitive,Subgroup 1,Vorinostat
SSP-25,0.628278929200835,2,2,Resistant,Resistant,Subgroup 2,Vorinostat
TFK-1,0.538934856922731,2,2,Resistant,Resistant,Subgroup 2,Vorinostat
YSCCC,-2.56331042486373,1,1,Sensitive,Sensitive,Subgroup 2,Vorinostat
