cellline,Proteins,Ligands,P_L,Replicate,AUC_Mean,AUC_Median
HUCCT1,FoxO3a,Anisomycin,FoxO3a_Anisomycin,1,0.011457149,0.015972167
KKU055,FoxO3a,Anisomycin,FoxO3a_Anisomycin,1,0.004468431,0.005402982
KKKD068,FoxO3a,Anisomycin,FoxO3a_Anisomycin,1,0.003461834,0.004157366
KKU100,FoxO3a,Anisomycin,FoxO3a_Anisomycin,1,0.010309946,0.011972151
KKKD131,FoxO3a,Anisomycin,FoxO3a_Anisomycin,1,0.03199974,0.032930713
KKKD138,FoxO3a,Anisomycin,FoxO3a_Anisomycin,1,0.003216348,0.007033126
KKU156,FoxO3a,Anisomycin,FoxO3a_Anisomycin,1,0.017361282,0.022570618
KKU213,FoxO3a,Anisomycin,FoxO3a_Anisomycin,1,0.014467866,0.020207455
KKU214,FoxO3a,Anisomycin,FoxO3a_Anisomycin,1,0.020517119,0.023539016
RBE,FoxO3a,Anisomycin,FoxO3a_Anisomycin,1,0.003756451,0.00595032
SSP25,FoxO3a,Anisomycin,FoxO3a_Anisomycin,1,0.005488975,0.008093359
HUCCT1,FoxO3a,Anisomycin,FoxO3a_Anisomycin,2,0.038608052,0.044639754
KKU055,FoxO3a,Anisomycin,FoxO3a_Anisomycin,2,0.002081929,0.001839076
KKKD068,FoxO3a,Anisomycin,FoxO3a_Anisomycin,2,0.030770888,0.035388554
KKU100,FoxO3a,Anisomycin,FoxO3a_Anisomycin,2,0.010518756,0.011218894
KKKD131,FoxO3a,Anisomycin,FoxO3a_Anisomycin,2,0.03199974,0.032930713
KKKD138,FoxO3a,Anisomycin,FoxO3a_Anisomycin,2,0.03731593,0.042563815
KKU156,FoxO3a,Anisomycin,FoxO3a_Anisomycin,2,0.001635308,0.002883113
KKU213,FoxO3a,Anisomycin,FoxO3a_Anisomycin,2,0.017735497,0.020844397
KKU214,FoxO3a,Anisomycin,FoxO3a_Anisomycin,2,0.014563114,0.015653335
RBE,FoxO3a,Anisomycin,FoxO3a_Anisomycin,2,0.016926018,0.018189288
SSP25,FoxO3a,Anisomycin,FoxO3a_Anisomycin,2,0.022582843,0.02393537
HUCCT1,FoxO3a,EGF,FoxO3a_EGF,1,0.009032876,0.01228921
KKU055,FoxO3a,EGF,FoxO3a_EGF,1,0.000881721,0.001011761
KKKD068,FoxO3a,EGF,FoxO3a_EGF,1,0.00273504,0.003351421
KKU100,FoxO3a,EGF,FoxO3a_EGF,1,0.005840777,0.007136879
KKKD131,FoxO3a,EGF,FoxO3a_EGF,1,0.005827198,0.011665059
KKKD138,FoxO3a,EGF,FoxO3a_EGF,1,0.008008773,0.010582219
KKU156,FoxO3a,EGF,FoxO3a_EGF,1,0.008930538,0.011099083
KKU213,FoxO3a,EGF,FoxO3a_EGF,1,0.011116825,0.014031201
KKU214,FoxO3a,EGF,FoxO3a_EGF,1,0.008941478,0.010176729
RBE,FoxO3a,EGF,FoxO3a_EGF,1,0.008747528,0.010699664
SSP25,FoxO3a,EGF,FoxO3a_EGF,1,0.008358432,0.011401588
HUCCT1,FoxO3a,EGF,FoxO3a_EGF,2,0.029939307,0.034601051
KKU055,FoxO3a,EGF,FoxO3a_EGF,2,0.001515634,0.001269663
KKKD068,FoxO3a,EGF,FoxO3a_EGF,2,0.019224869,0.022610543
KKU100,FoxO3a,EGF,FoxO3a_EGF,2,0.020851034,0.023416399
KKKD131,FoxO3a,EGF,FoxO3a_EGF,2,0.053415198,0.06207907
KKKD138,FoxO3a,EGF,FoxO3a_EGF,2,0.040996252,0.046441496
KKU156,FoxO3a,EGF,FoxO3a_EGF,2,0.050985836,0.058829593
KKU213,FoxO3a,EGF,FoxO3a_EGF,2,0.035818202,0.038730803
KKU214,FoxO3a,EGF,FoxO3a_EGF,2,0.018848531,0.021015565
RBE,FoxO3a,EGF,FoxO3a_EGF,2,0.016573827,0.0182618
SSP25,FoxO3a,EGF,FoxO3a_EGF,2,0.045993324,0.055336771
HUCCT1,FoxO3a,IFNgamma,FoxO3a_IFNgamma,1,0.001214125,0.001070597
KKU055,FoxO3a,IFNgamma,FoxO3a_IFNgamma,1,0.00040995,0.000843452
KKKD068,FoxO3a,IFNgamma,FoxO3a_IFNgamma,1,0.00115194,0.00133082
KKU100,FoxO3a,IFNgamma,FoxO3a_IFNgamma,1,0.002857892,0.003303653
KKKD131,FoxO3a,IFNgamma,FoxO3a_IFNgamma,1,0.010422473,0.009378628
KKKD138,FoxO3a,IFNgamma,FoxO3a_IFNgamma,1,0.00189353,0.002926374
KKU156,FoxO3a,IFNgamma,FoxO3a_IFNgamma,1,0,0
KKU213,FoxO3a,IFNgamma,FoxO3a_IFNgamma,1,0.001556548,0.001975225
KKU214,FoxO3a,IFNgamma,FoxO3a_IFNgamma,1,0.006521482,0.006777859
RBE,FoxO3a,IFNgamma,FoxO3a_IFNgamma,1,0.017053636,0.01887099
SSP25,FoxO3a,IFNgamma,FoxO3a_IFNgamma,1,0.001940643,0.002985094
HUCCT1,FoxO3a,IFNgamma,FoxO3a_IFNgamma,2,0.002202362,0.001893268
KKU055,FoxO3a,IFNgamma,FoxO3a_IFNgamma,2,0.000794811,0.000734629
KKKD068,FoxO3a,IFNgamma,FoxO3a_IFNgamma,2,0.001138859,0.001463508
KKU100,FoxO3a,IFNgamma,FoxO3a_IFNgamma,2,0.003820054,0.004116142
KKKD131,FoxO3a,IFNgamma,FoxO3a_IFNgamma,2,0.008350826,0.007331484
KKKD138,FoxO3a,IFNgamma,FoxO3a_IFNgamma,2,0.004690621,0.005264636
KKU156,FoxO3a,IFNgamma,FoxO3a_IFNgamma,2,0.004650968,0.003760938
KKU213,FoxO3a,IFNgamma,FoxO3a_IFNgamma,2,0.001556548,0.001975225
KKU214,FoxO3a,IFNgamma,FoxO3a_IFNgamma,2,0.006521482,0.006777859
RBE,FoxO3a,IFNgamma,FoxO3a_IFNgamma,2,0.017053636,0.01887099
SSP25,FoxO3a,IFNgamma,FoxO3a_IFNgamma,2,0.003007054,0.003965594
HUCCT1,FoxO3a,IGF1,FoxO3a_IGF1,1,0.008070917,0.010700096
KKU055,FoxO3a,IGF1,FoxO3a_IGF1,1,0.000152598,0.000118208
KKKD068,FoxO3a,IGF1,FoxO3a_IGF1,1,0.005085193,0.00615743
KKU100,FoxO3a,IGF1,FoxO3a_IGF1,1,0.006687642,0.007871706
KKKD131,FoxO3a,IGF1,FoxO3a_IGF1,1,0.015297095,0.020700147
KKKD138,FoxO3a,IGF1,FoxO3a_IGF1,1,0.011115655,0.013112995
KKU156,FoxO3a,IGF1,FoxO3a_IGF1,1,0.013495426,0.016345414
KKU213,FoxO3a,IGF1,FoxO3a_IGF1,1,0.011620205,0.014939207
KKU214,FoxO3a,IGF1,FoxO3a_IGF1,1,0.008912364,0.010278919
RBE,FoxO3a,IGF1,FoxO3a_IGF1,1,0.00838262,0.009868883
SSP25,FoxO3a,IGF1,FoxO3a_IGF1,1,0.009588842,0.011899022
HUCCT1,FoxO3a,IGF1,FoxO3a_IGF1,2,0.02688182,0.031719282
KKU055,FoxO3a,IGF1,FoxO3a_IGF1,2,0.000765193,0.000815624
KKKD068,FoxO3a,IGF1,FoxO3a_IGF1,2,0.02844012,0.033304514
KKU100,FoxO3a,IGF1,FoxO3a_IGF1,2,0.020111908,0.02237336
KKKD131,FoxO3a,IGF1,FoxO3a_IGF1,2,0.054911441,0.062438688
KKKD138,FoxO3a,IGF1,FoxO3a_IGF1,2,0.03431102,0.039040126
KKU156,FoxO3a,IGF1,FoxO3a_IGF1,2,0.060246256,0.067180744
KKU213,FoxO3a,IGF1,FoxO3a_IGF1,2,0.034636529,0.037338225
KKU214,FoxO3a,IGF1,FoxO3a_IGF1,2,0.020977203,0.023513967
RBE,FoxO3a,IGF1,FoxO3a_IGF1,2,0.026991812,0.027646975
SSP25,FoxO3a,IGF1,FoxO3a_IGF1,2,0.049811627,0.058987519
HUCCT1,FoxO3a,TNFalpha,FoxO3a_TNFalpha,1,0.008204677,0.008813524
KKU055,FoxO3a,TNFalpha,FoxO3a_TNFalpha,1,0.003964335,0.004824024
KKKD068,FoxO3a,TNFalpha,FoxO3a_TNFalpha,1,0.000553217,0.000988157
KKU100,FoxO3a,TNFalpha,FoxO3a_TNFalpha,1,0.008424586,0.009158555
KKKD131,FoxO3a,TNFalpha,FoxO3a_TNFalpha,1,0.011342351,0.01091775
KKKD138,FoxO3a,TNFalpha,FoxO3a_TNFalpha,1,0.006077679,0.00886802
KKU156,FoxO3a,TNFalpha,FoxO3a_TNFalpha,1,0.000656019,0.001180225
KKU213,FoxO3a,TNFalpha,FoxO3a_TNFalpha,1,0.00560717,0.006298501
KKU214,FoxO3a,TNFalpha,FoxO3a_TNFalpha,1,0.012953155,0.013276892
RBE,FoxO3a,TNFalpha,FoxO3a_TNFalpha,1,0.002742642,0.004801902
SSP25,FoxO3a,TNFalpha,FoxO3a_TNFalpha,1,0.005546129,0.007206576
HUCCT1,FoxO3a,TNFalpha,FoxO3a_TNFalpha,2,0.007814403,0.008668668
KKU055,FoxO3a,TNFalpha,FoxO3a_TNFalpha,2,0.001859817,0.001813764
KKKD068,FoxO3a,TNFalpha,FoxO3a_TNFalpha,2,0.002329551,0.002916552
KKU100,FoxO3a,TNFalpha,FoxO3a_TNFalpha,2,0.005636616,0.006145225
KKKD131,FoxO3a,TNFalpha,FoxO3a_TNFalpha,2,0.001134303,0.001418543
KKKD138,FoxO3a,TNFalpha,FoxO3a_TNFalpha,2,0.021671607,0.025398937
KKU156,FoxO3a,TNFalpha,FoxO3a_TNFalpha,2,0.005913247,0.010402019
KKU213,FoxO3a,TNFalpha,FoxO3a_TNFalpha,2,0.00560717,0.006298501
KKU214,FoxO3a,TNFalpha,FoxO3a_TNFalpha,2,0.012953155,0.013276892
RBE,FoxO3a,TNFalpha,FoxO3a_TNFalpha,2,0.011289106,0.013233375
SSP25,FoxO3a,TNFalpha,FoxO3a_TNFalpha,2,0.019516421,0.019007678
HUCCT1,pAKT,Anisomycin,pAKT_Anisomycin,1,0.015894123,0.017997967
KKU055,pAKT,Anisomycin,pAKT_Anisomycin,1,0.001166543,0.000616646
KKKD068,pAKT,Anisomycin,pAKT_Anisomycin,1,0.053362196,0.060119932
KKU100,pAKT,Anisomycin,pAKT_Anisomycin,1,0.010466696,0.01019415
KKKD131,pAKT,Anisomycin,pAKT_Anisomycin,1,0.010152138,0.006296339
KKKD138,pAKT,Anisomycin,pAKT_Anisomycin,1,0.031720159,0.035370248
KKU156,pAKT,Anisomycin,pAKT_Anisomycin,1,0.00057654,0.004339486
KKU213,pAKT,Anisomycin,pAKT_Anisomycin,1,0.011998968,0.01220104
KKU214,pAKT,Anisomycin,pAKT_Anisomycin,1,0.000326108,0.002149578
RBE,pAKT,Anisomycin,pAKT_Anisomycin,1,0.003026893,0.002243013
SSP25,pAKT,Anisomycin,pAKT_Anisomycin,1,0.065101212,0.075497439
HUCCT1,pAKT,Anisomycin,pAKT_Anisomycin,2,0.026238326,0.03179302
KKU055,pAKT,Anisomycin,pAKT_Anisomycin,2,0.000547645,0.000554628
KKKD068,pAKT,Anisomycin,pAKT_Anisomycin,2,0.023188989,0.026914534
KKU100,pAKT,Anisomycin,pAKT_Anisomycin,2,0.014534873,0.016649827
KKKD131,pAKT,Anisomycin,pAKT_Anisomycin,2,0.02446031,0.029106366
KKKD138,pAKT,Anisomycin,pAKT_Anisomycin,2,0.021639734,0.02533919
KKU156,pAKT,Anisomycin,pAKT_Anisomycin,2,0.013131996,0.01658723
KKU213,pAKT,Anisomycin,pAKT_Anisomycin,2,0.009481058,0.01211706
KKU214,pAKT,Anisomycin,pAKT_Anisomycin,2,0.007416608,0.008719174
RBE,pAKT,Anisomycin,pAKT_Anisomycin,2,0.005596102,0.006889845
SSP25,pAKT,Anisomycin,pAKT_Anisomycin,2,0.008411231,0.006490882
HUCCT1,pAKT,EGF,pAKT_EGF,1,0.035655111,0.039200884
KKU055,pAKT,EGF,pAKT_EGF,1,0.007525577,0.007633579
KKKD068,pAKT,EGF,pAKT_EGF,1,0.017523807,0.019785022
KKU100,pAKT,EGF,pAKT_EGF,1,0.119563583,0.111952648
KKKD131,pAKT,EGF,pAKT_EGF,1,0.094037161,0.094353143
KKKD138,pAKT,EGF,pAKT_EGF,1,0.065783435,0.070202621
KKU156,pAKT,EGF,pAKT_EGF,1,0.013517068,0.023604242
KKU213,pAKT,EGF,pAKT_EGF,1,0.019639891,0.022845007
KKU214,pAKT,EGF,pAKT_EGF,1,0.020866914,0.01983455
RBE,pAKT,EGF,pAKT_EGF,1,0.031745394,0.03092556
SSP25,pAKT,EGF,pAKT_EGF,1,0.061856469,0.073099422
HUCCT1,pAKT,EGF,pAKT_EGF,2,0.029106725,0.033422439
KKU055,pAKT,EGF,pAKT_EGF,2,0.037439117,0.036300952
KKKD068,pAKT,EGF,pAKT_EGF,2,0.016779761,0.020829698
KKU100,pAKT,EGF,pAKT_EGF,2,0.062926103,0.062478351
KKKD131,pAKT,EGF,pAKT_EGF,2,0.057925001,0.05904274
KKKD138,pAKT,EGF,pAKT_EGF,2,0.069008876,0.07323674
KKU156,pAKT,EGF,pAKT_EGF,2,0.031812437,0.034426021
KKU213,pAKT,EGF,pAKT_EGF,2,0.018586984,0.021760613
KKU214,pAKT,EGF,pAKT_EGF,2,0.017801463,0.019825007
RBE,pAKT,EGF,pAKT_EGF,2,0.000600125,0.0004205
SSP25,pAKT,EGF,pAKT_EGF,2,0.106501133,0.099686276
HUCCT1,pAKT,IFNgamma,pAKT_IFNgamma,1,0,7.86735E-06
KKU055,pAKT,IFNgamma,pAKT_IFNgamma,1,0.004122544,0.002012134
KKKD068,pAKT,IFNgamma,pAKT_IFNgamma,1,0.003929896,0.004920423
KKU100,pAKT,IFNgamma,pAKT_IFNgamma,1,0,0.000376629
KKKD131,pAKT,IFNgamma,pAKT_IFNgamma,1,0.000865532,0.000627649
KKKD138,pAKT,IFNgamma,pAKT_IFNgamma,1,0.000714942,0.002473076
KKU156,pAKT,IFNgamma,pAKT_IFNgamma,1,0,0.000528965
KKU213,pAKT,IFNgamma,pAKT_IFNgamma,1,0.003337238,0.00295467
KKU214,pAKT,IFNgamma,pAKT_IFNgamma,1,0,0
RBE,pAKT,IFNgamma,pAKT_IFNgamma,1,0.002539759,0.002543325
SSP25,pAKT,IFNgamma,pAKT_IFNgamma,1,0.017212422,0.019330311
HUCCT1,pAKT,IFNgamma,pAKT_IFNgamma,2,0.000929214,0.001341175
KKU055,pAKT,IFNgamma,pAKT_IFNgamma,2,0,0
KKKD068,pAKT,IFNgamma,pAKT_IFNgamma,2,0.012233207,0.014919799
KKU100,pAKT,IFNgamma,pAKT_IFNgamma,2,0.008097084,0.010168764
KKKD131,pAKT,IFNgamma,pAKT_IFNgamma,2,0.00820341,0.010224492
KKKD138,pAKT,IFNgamma,pAKT_IFNgamma,2,0.00258317,0.00335516
KKU156,pAKT,IFNgamma,pAKT_IFNgamma,2,0.001848531,0.002740847
KKU213,pAKT,IFNgamma,pAKT_IFNgamma,2,0.00092985,0.001225449
KKU214,pAKT,IFNgamma,pAKT_IFNgamma,2,0,0
RBE,pAKT,IFNgamma,pAKT_IFNgamma,2,0.002468544,0.003098558
SSP25,pAKT,IFNgamma,pAKT_IFNgamma,2,0.002487287,0.002593865
HUCCT1,pAKT,IGF1,pAKT_IGF1,1,0.072991601,0.072813161
KKU055,pAKT,IGF1,pAKT_IGF1,1,0.001631874,0.001631368
KKKD068,pAKT,IGF1,pAKT_IGF1,1,0.045970201,0.055682307
KKU100,pAKT,IGF1,pAKT_IGF1,1,0.174755208,0.175765609
KKKD131,pAKT,IGF1,pAKT_IGF1,1,0.197068473,0.20592546
KKKD138,pAKT,IGF1,pAKT_IGF1,1,0.07595146,0.082531681
KKU156,pAKT,IGF1,pAKT_IGF1,1,0.063448967,0.067423789
KKU213,pAKT,IGF1,pAKT_IGF1,1,0.03105554,0.035370816
KKU214,pAKT,IGF1,pAKT_IGF1,1,0.05861837,0.060382327
RBE,pAKT,IGF1,pAKT_IGF1,1,0.053294655,0.060767669
SSP25,pAKT,IGF1,pAKT_IGF1,1,0.011404657,0.012246032
HUCCT1,pAKT,IGF1,pAKT_IGF1,2,0,0
KKU055,pAKT,IGF1,pAKT_IGF1,2,0.001631874,0.001631368
KKKD068,pAKT,IGF1,pAKT_IGF1,2,0.021294923,0.023814947
KKU100,pAKT,IGF1,pAKT_IGF1,2,0.176714187,0.175260709
KKKD131,pAKT,IGF1,pAKT_IGF1,2,0.214361363,0.215004693
KKKD138,pAKT,IGF1,pAKT_IGF1,2,0.018607536,0.020333509
KKU156,pAKT,IGF1,pAKT_IGF1,2,0.108151294,0.111688188
KKU213,pAKT,IGF1,pAKT_IGF1,2,0.018451501,0.023552675
KKU214,pAKT,IGF1,pAKT_IGF1,2,0.01384833,0.014577701
RBE,pAKT,IGF1,pAKT_IGF1,2,0.023644245,0.027363097
SSP25,pAKT,IGF1,pAKT_IGF1,2,0.043510427,0.054125195
HUCCT1,pAKT,TNFalpha,pAKT_TNFalpha,1,0.004930669,0.005832053
KKU055,pAKT,TNFalpha,pAKT_TNFalpha,1,0.003922427,0.001456911
KKKD068,pAKT,TNFalpha,pAKT_TNFalpha,1,0.008548554,0.009562071
KKU100,pAKT,TNFalpha,pAKT_TNFalpha,1,0.003187437,0.003438598
KKKD131,pAKT,TNFalpha,pAKT_TNFalpha,1,0.00275269,0.001224142
KKKD138,pAKT,TNFalpha,pAKT_TNFalpha,1,0.007826337,0.00884611
KKU156,pAKT,TNFalpha,pAKT_TNFalpha,1,0.003199256,0.002021684
KKU213,pAKT,TNFalpha,pAKT_TNFalpha,1,0.006713476,0.006518184
KKU214,pAKT,TNFalpha,pAKT_TNFalpha,1,0.000699654,0.00119325
RBE,pAKT,TNFalpha,pAKT_TNFalpha,1,0.003727618,0.002415361
SSP25,pAKT,TNFalpha,pAKT_TNFalpha,1,0.074071589,0.085866677
HUCCT1,pAKT,TNFalpha,pAKT_TNFalpha,2,0.012057368,0.014566074
KKU055,pAKT,TNFalpha,pAKT_TNFalpha,2,0,0
KKKD068,pAKT,TNFalpha,pAKT_TNFalpha,2,0.013400583,0.016124306
KKU100,pAKT,TNFalpha,pAKT_TNFalpha,2,0.010683313,0.012875358
KKKD131,pAKT,TNFalpha,pAKT_TNFalpha,2,0.005852157,0.007176989
KKKD138,pAKT,TNFalpha,pAKT_TNFalpha,2,0.008718419,0.010451455
KKU156,pAKT,TNFalpha,pAKT_TNFalpha,2,0.002115193,0.002643729
KKU213,pAKT,TNFalpha,pAKT_TNFalpha,2,0.00259522,0.003436629
KKU214,pAKT,TNFalpha,pAKT_TNFalpha,2,0.000347226,0.0004515
RBE,pAKT,TNFalpha,pAKT_TNFalpha,2,0.005517526,0.006805421
SSP25,pAKT,TNFalpha,pAKT_TNFalpha,2,0.015319538,0.011805142
HUCCT1,pERK,Anisomycin,pERK_Anisomycin,1,0.035087986,0.036813682
KKU055,pERK,Anisomycin,pERK_Anisomycin,1,0.021157858,0.021060351
KKKD068,pERK,Anisomycin,pERK_Anisomycin,1,0.049985603,0.06125088
KKU100,pERK,Anisomycin,pERK_Anisomycin,1,0.027940176,0.031563257
KKKD131,pERK,Anisomycin,pERK_Anisomycin,1,0.020798231,0.026094851
KKKD138,pERK,Anisomycin,pERK_Anisomycin,1,0.051046074,0.057904748
KKU156,pERK,Anisomycin,pERK_Anisomycin,1,0.058121348,0.075790597
KKU213,pERK,Anisomycin,pERK_Anisomycin,1,0.064883594,0.075655237
KKU214,pERK,Anisomycin,pERK_Anisomycin,1,0.060925135,0.06804604
RBE,pERK,Anisomycin,pERK_Anisomycin,1,0.024355002,0.031806814
SSP25,pERK,Anisomycin,pERK_Anisomycin,1,0,0
HUCCT1,pERK,Anisomycin,pERK_Anisomycin,2,0.022704195,0.030003358
KKU055,pERK,Anisomycin,pERK_Anisomycin,2,5.81236E-05,0
KKKD068,pERK,Anisomycin,pERK_Anisomycin,2,0.019040779,0.032314124
KKU100,pERK,Anisomycin,pERK_Anisomycin,2,0.014011317,0.018440993
KKKD131,pERK,Anisomycin,pERK_Anisomycin,2,0.127861333,0.14689117
KKKD138,pERK,Anisomycin,pERK_Anisomycin,2,0.021230032,0.029541781
KKU156,pERK,Anisomycin,pERK_Anisomycin,2,0.136687083,0.163663622
KKU213,pERK,Anisomycin,pERK_Anisomycin,2,0.033234093,0.040114824
KKU214,pERK,Anisomycin,pERK_Anisomycin,2,0.047463677,0.053484878
RBE,pERK,Anisomycin,pERK_Anisomycin,2,0.078047147,0.085993808
SSP25,pERK,Anisomycin,pERK_Anisomycin,2,0.024937693,0.02811974
HUCCT1,pERK,EGF,pERK_EGF,1,0.002637924,0.000337944
KKU055,pERK,EGF,pERK_EGF,1,0.039625319,0.044929555
KKKD068,pERK,EGF,pERK_EGF,1,0.206250597,0.215054478
KKU100,pERK,EGF,pERK_EGF,1,0.030910309,0.03871251
KKKD131,pERK,EGF,pERK_EGF,1,0.059897785,0.067827648
KKKD138,pERK,EGF,pERK_EGF,1,0.204744847,0.224173987
KKU156,pERK,EGF,pERK_EGF,1,0.122878682,0.163633267
KKU213,pERK,EGF,pERK_EGF,1,0,0
KKU214,pERK,EGF,pERK_EGF,1,0.177095532,0.176488771
RBE,pERK,EGF,pERK_EGF,1,0,0
SSP25,pERK,EGF,pERK_EGF,1,0.048147979,0.0497785
HUCCT1,pERK,EGF,pERK_EGF,2,0.000610463,0.00045209
KKU055,pERK,EGF,pERK_EGF,2,0.002295583,0.002230297
KKKD068,pERK,EGF,pERK_EGF,2,0.235941082,0.245508999
KKU100,pERK,EGF,pERK_EGF,2,0.123564872,0.126010667
KKKD131,pERK,EGF,pERK_EGF,2,0.055381769,0.065549386
KKKD138,pERK,EGF,pERK_EGF,2,0.241548753,0.245284998
KKU156,pERK,EGF,pERK_EGF,2,0.002281817,0.002111892
KKU213,pERK,EGF,pERK_EGF,2,0,0
KKU214,pERK,EGF,pERK_EGF,2,0.042224401,0.053868767
RBE,pERK,EGF,pERK_EGF,2,0.178495685,0.185473291
SSP25,pERK,EGF,pERK_EGF,2,0.007023662,0.008052
HUCCT1,pERK,IFNgamma,pERK_IFNgamma,1,0.005265425,0.007556193
KKU055,pERK,IFNgamma,pERK_IFNgamma,1,0,0
KKKD068,pERK,IFNgamma,pERK_IFNgamma,1,0.002550614,0.004232853
KKU100,pERK,IFNgamma,pERK_IFNgamma,1,0,0
KKKD131,pERK,IFNgamma,pERK_IFNgamma,1,0.001807376,0.001899656
KKKD138,pERK,IFNgamma,pERK_IFNgamma,1,0.00325639,0.003453266
KKU156,pERK,IFNgamma,pERK_IFNgamma,1,0,0
KKU213,pERK,IFNgamma,pERK_IFNgamma,1,0.001973432,0.002331746
KKU214,pERK,IFNgamma,pERK_IFNgamma,1,0,0
RBE,pERK,IFNgamma,pERK_IFNgamma,1,0.001240761,0.000913221
SSP25,pERK,IFNgamma,pERK_IFNgamma,1,0,0
HUCCT1,pERK,IFNgamma,pERK_IFNgamma,2,0.015579748,0.016321124
KKU055,pERK,IFNgamma,pERK_IFNgamma,2,0,0
KKKD068,pERK,IFNgamma,pERK_IFNgamma,2,0.011093072,0.014940495
KKU100,pERK,IFNgamma,pERK_IFNgamma,2,0,0
KKKD131,pERK,IFNgamma,pERK_IFNgamma,2,0.001227318,0.001839528
KKKD138,pERK,IFNgamma,pERK_IFNgamma,2,0.001206406,0.001515319
KKU156,pERK,IFNgamma,pERK_IFNgamma,2,0,0
KKU213,pERK,IFNgamma,pERK_IFNgamma,2,0.001624114,0.001598782
KKU214,pERK,IFNgamma,pERK_IFNgamma,2,0,0
RBE,pERK,IFNgamma,pERK_IFNgamma,2,0.001965055,0.002491599
SSP25,pERK,IFNgamma,pERK_IFNgamma,2,0,0
HUCCT1,pERK,IGF1,pERK_IGF1,1,0.018718014,0.023167971
KKU055,pERK,IGF1,pERK_IGF1,1,0,0
KKKD068,pERK,IGF1,pERK_IGF1,1,0.226418349,0.224066837
KKU100,pERK,IGF1,pERK_IGF1,1,0.003916968,0
KKKD131,pERK,IGF1,pERK_IGF1,1,0,0.001217107
KKKD138,pERK,IGF1,pERK_IGF1,1,0.072379004,0.102032487
KKU156,pERK,IGF1,pERK_IGF1,1,0,0
KKU213,pERK,IGF1,pERK_IGF1,1,0.167780306,0.151088236
KKU214,pERK,IGF1,pERK_IGF1,1,0.189244681,0.181476857
RBE,pERK,IGF1,pERK_IGF1,1,0.187792651,0.194943978
SSP25,pERK,IGF1,pERK_IGF1,1,0,0
HUCCT1,pERK,IGF1,pERK_IGF1,2,0.000821884,0.001449642
KKU055,pERK,IGF1,pERK_IGF1,2,0.000276056,0
KKKD068,pERK,IGF1,pERK_IGF1,2,0.234504696,0.227736179
KKU100,pERK,IGF1,pERK_IGF1,2,0,0
KKKD131,pERK,IGF1,pERK_IGF1,2,0.011736945,0.008456288
KKKD138,pERK,IGF1,pERK_IGF1,2,0.145695352,0.131896896
KKU156,pERK,IGF1,pERK_IGF1,2,0.156438993,0.181762377
KKU213,pERK,IGF1,pERK_IGF1,2,0.172146716,0.154828473
KKU214,pERK,IGF1,pERK_IGF1,2,0.2276703,0.219186708
RBE,pERK,IGF1,pERK_IGF1,2,0.189176121,0.189556926
SSP25,pERK,IGF1,pERK_IGF1,2,0,0
HUCCT1,pERK,TNFalpha,pERK_TNFalpha,1,0.008599286,0.013545825
KKU055,pERK,TNFalpha,pERK_TNFalpha,1,0,0
KKKD068,pERK,TNFalpha,pERK_TNFalpha,1,0,0
KKU100,pERK,TNFalpha,pERK_TNFalpha,1,0,0
KKKD131,pERK,TNFalpha,pERK_TNFalpha,1,0.00255145,0.00398125
KKKD138,pERK,TNFalpha,pERK_TNFalpha,1,0.002173231,0.0027188
KKU156,pERK,TNFalpha,pERK_TNFalpha,1,0,0
KKU213,pERK,TNFalpha,pERK_TNFalpha,1,0,0.000210332
KKU214,pERK,TNFalpha,pERK_TNFalpha,1,0,0
RBE,pERK,TNFalpha,pERK_TNFalpha,1,0.007438868,0.010414733
SSP25,pERK,TNFalpha,pERK_TNFalpha,1,0,0
HUCCT1,pERK,TNFalpha,pERK_TNFalpha,2,0.042820918,0.048127143
KKU055,pERK,TNFalpha,pERK_TNFalpha,2,0,0
KKKD068,pERK,TNFalpha,pERK_TNFalpha,2,0.021303536,0.033959539
KKU100,pERK,TNFalpha,pERK_TNFalpha,2,0,0
KKKD131,pERK,TNFalpha,pERK_TNFalpha,2,0.0108705,0.012587321
KKKD138,pERK,TNFalpha,pERK_TNFalpha,2,0.011518802,0.012494956
KKU156,pERK,TNFalpha,pERK_TNFalpha,2,0,0
KKU213,pERK,TNFalpha,pERK_TNFalpha,2,0.000443089,0.000693889
KKU214,pERK,TNFalpha,pERK_TNFalpha,2,0,0
RBE,pERK,TNFalpha,pERK_TNFalpha,2,0.014832057,0.01826384
SSP25,pERK,TNFalpha,pERK_TNFalpha,2,0,0
HUCCT1,pRelA,Anisomycin,pRelA_Anisomycin,1,0,0
KKU055,pRelA,Anisomycin,pRelA_Anisomycin,1,0,0
KKKD068,pRelA,Anisomycin,pRelA_Anisomycin,1,0,0
KKU100,pRelA,Anisomycin,pRelA_Anisomycin,1,0,0
KKKD131,pRelA,Anisomycin,pRelA_Anisomycin,1,0,0
KKKD138,pRelA,Anisomycin,pRelA_Anisomycin,1,0.000632319,0.00135461
KKU156,pRelA,Anisomycin,pRelA_Anisomycin,1,0,0
KKU213,pRelA,Anisomycin,pRelA_Anisomycin,1,0,0
KKU214,pRelA,Anisomycin,pRelA_Anisomycin,1,0,0
RBE,pRelA,Anisomycin,pRelA_Anisomycin,1,0,0
SSP25,pRelA,Anisomycin,pRelA_Anisomycin,1,0,0
HUCCT1,pRelA,Anisomycin,pRelA_Anisomycin,2,0.00029156,0.000563757
KKU055,pRelA,Anisomycin,pRelA_Anisomycin,2,0,0
KKKD068,pRelA,Anisomycin,pRelA_Anisomycin,2,0.001653413,0.002614999
KKU100,pRelA,Anisomycin,pRelA_Anisomycin,2,0,0
KKKD131,pRelA,Anisomycin,pRelA_Anisomycin,2,0.042531955,0.053571696
KKKD138,pRelA,Anisomycin,pRelA_Anisomycin,2,0.001676373,0.0033293
KKU156,pRelA,Anisomycin,pRelA_Anisomycin,2,0,0
KKU213,pRelA,Anisomycin,pRelA_Anisomycin,2,0.005932696,0.00587475
KKU214,pRelA,Anisomycin,pRelA_Anisomycin,2,0,0
RBE,pRelA,Anisomycin,pRelA_Anisomycin,2,0.010618402,0.015805676
SSP25,pRelA,Anisomycin,pRelA_Anisomycin,2,0,0
HUCCT1,pRelA,EGF,pRelA_EGF,1,0.016894522,0.017929177
KKU055,pRelA,EGF,pRelA_EGF,1,0,0
KKKD068,pRelA,EGF,pRelA_EGF,1,0,0
KKU100,pRelA,EGF,pRelA_EGF,1,0,0
KKKD131,pRelA,EGF,pRelA_EGF,1,0.002054843,0.00101725
KKKD138,pRelA,EGF,pRelA_EGF,1,8.20574E-05,0.00045725
KKU156,pRelA,EGF,pRelA_EGF,1,0.01604888,0.013412221
KKU213,pRelA,EGF,pRelA_EGF,1,0.005509097,0.002864695
KKU214,pRelA,EGF,pRelA_EGF,1,0,0
RBE,pRelA,EGF,pRelA_EGF,1,0.013668133,0.018369229
SSP25,pRelA,EGF,pRelA_EGF,1,0.023236165,0.023018497
HUCCT1,pRelA,EGF,pRelA_EGF,2,0,0
KKU055,pRelA,EGF,pRelA_EGF,2,0,0
KKKD068,pRelA,EGF,pRelA_EGF,2,0.015221935,0.019447108
KKU100,pRelA,EGF,pRelA_EGF,2,0,0
KKKD131,pRelA,EGF,pRelA_EGF,2,0.041299252,0.04866369
KKKD138,pRelA,EGF,pRelA_EGF,2,0.002725323,0.00387175
KKU156,pRelA,EGF,pRelA_EGF,2,0.004215473,0.006497817
KKU213,pRelA,EGF,pRelA_EGF,2,0.001065972,0.00053475
KKU214,pRelA,EGF,pRelA_EGF,2,0,0
RBE,pRelA,EGF,pRelA_EGF,2,0.016453759,0.023214791
SSP25,pRelA,EGF,pRelA_EGF,2,0,0
HUCCT1,pRelA,IFNgamma,pRelA_IFNgamma,1,0.002343453,0.002105771
KKU055,pRelA,IFNgamma,pRelA_IFNgamma,1,0.003350303,0.003427377
KKKD068,pRelA,IFNgamma,pRelA_IFNgamma,1,0.002209573,0.002103621
KKU100,pRelA,IFNgamma,pRelA_IFNgamma,1,0.002422743,0.002521291
KKKD131,pRelA,IFNgamma,pRelA_IFNgamma,1,0.004164749,0.003203921
KKKD138,pRelA,IFNgamma,pRelA_IFNgamma,1,0.004363286,0.002932949
KKU156,pRelA,IFNgamma,pRelA_IFNgamma,1,0,0
KKU213,pRelA,IFNgamma,pRelA_IFNgamma,1,0.001338154,0.001350582
KKU214,pRelA,IFNgamma,pRelA_IFNgamma,1,0.001924086,0.002110949
RBE,pRelA,IFNgamma,pRelA_IFNgamma,1,0.000395299,0.000397452
SSP25,pRelA,IFNgamma,pRelA_IFNgamma,1,0.006352271,0.003308796
HUCCT1,pRelA,IFNgamma,pRelA_IFNgamma,2,0.002262323,0.002895003
KKU055,pRelA,IFNgamma,pRelA_IFNgamma,2,0.001409128,0.000597127
KKKD068,pRelA,IFNgamma,pRelA_IFNgamma,2,0.040931406,0.038302893
KKU100,pRelA,IFNgamma,pRelA_IFNgamma,2,0.02727962,0.026955825
KKKD131,pRelA,IFNgamma,pRelA_IFNgamma,2,0.00481323,0.005429491
KKKD138,pRelA,IFNgamma,pRelA_IFNgamma,2,0.005386168,0.005949276
KKU156,pRelA,IFNgamma,pRelA_IFNgamma,2,0,0
KKU213,pRelA,IFNgamma,pRelA_IFNgamma,2,0.006181891,0.00695718
KKU214,pRelA,IFNgamma,pRelA_IFNgamma,2,0.000368495,0.000342875
RBE,pRelA,IFNgamma,pRelA_IFNgamma,2,0.087078035,0.085766263
SSP25,pRelA,IFNgamma,pRelA_IFNgamma,2,0.006418403,0.006300416
HUCCT1,pRelA,IGF1,pRelA_IGF1,1,0.002456524,0.004648184
KKU055,pRelA,IGF1,pRelA_IGF1,1,0.002108649,0.000454734
KKKD068,pRelA,IGF1,pRelA_IGF1,1,0,0
KKU100,pRelA,IGF1,pRelA_IGF1,1,0,0
KKKD131,pRelA,IGF1,pRelA_IGF1,1,0.005847881,0.009378938
KKKD138,pRelA,IGF1,pRelA_IGF1,1,0,0
KKU156,pRelA,IGF1,pRelA_IGF1,1,0.007986801,0.002754875
KKU213,pRelA,IGF1,pRelA_IGF1,1,0,0
KKU214,pRelA,IGF1,pRelA_IGF1,1,0,0
RBE,pRelA,IGF1,pRelA_IGF1,1,0.037962382,0.04636339
SSP25,pRelA,IGF1,pRelA_IGF1,1,0,0
HUCCT1,pRelA,IGF1,pRelA_IGF1,2,0.009034862,0.012839533
KKU055,pRelA,IGF1,pRelA_IGF1,2,0,0
KKKD068,pRelA,IGF1,pRelA_IGF1,2,0.015969915,0.022053046
KKU100,pRelA,IGF1,pRelA_IGF1,2,0,0
KKKD131,pRelA,IGF1,pRelA_IGF1,2,0.023738268,0.028669207
KKKD138,pRelA,IGF1,pRelA_IGF1,2,0.002309142,0.003324503
KKU156,pRelA,IGF1,pRelA_IGF1,2,0,0.001070682
KKU213,pRelA,IGF1,pRelA_IGF1,2,0.002935697,0.004409705
KKU214,pRelA,IGF1,pRelA_IGF1,2,0,0
RBE,pRelA,IGF1,pRelA_IGF1,2,0.053138253,0.06940177
SSP25,pRelA,IGF1,pRelA_IGF1,2,0,0
HUCCT1,pRelA,TNFalpha,pRelA_TNFalpha,1,0.010090452,0.01134888
KKU055,pRelA,TNFalpha,pRelA_TNFalpha,1,0.005216356,0.005935614
KKKD068,pRelA,TNFalpha,pRelA_TNFalpha,1,0.041428444,0.043394001
KKU100,pRelA,TNFalpha,pRelA_TNFalpha,1,0.089942447,0.092998138
KKKD131,pRelA,TNFalpha,pRelA_TNFalpha,1,0.046299199,0.050173308
KKKD138,pRelA,TNFalpha,pRelA_TNFalpha,1,0.058117028,0.061866574
KKU156,pRelA,TNFalpha,pRelA_TNFalpha,1,0.007853079,0.009484551
KKU213,pRelA,TNFalpha,pRelA_TNFalpha,1,0.008362175,0.008828536
KKU214,pRelA,TNFalpha,pRelA_TNFalpha,1,0.032686023,0.033875022
RBE,pRelA,TNFalpha,pRelA_TNFalpha,1,0.001734097,0.00221475
SSP25,pRelA,TNFalpha,pRelA_TNFalpha,1,0.029334355,0.031506926
HUCCT1,pRelA,TNFalpha,pRelA_TNFalpha,2,0.008184881,0.009737715
KKU055,pRelA,TNFalpha,pRelA_TNFalpha,2,0.004960116,0.00552798
KKKD068,pRelA,TNFalpha,pRelA_TNFalpha,2,0.008992946,0.010233366
KKU100,pRelA,TNFalpha,pRelA_TNFalpha,2,0.12914424,0.131105043
KKKD131,pRelA,TNFalpha,pRelA_TNFalpha,2,0.021968837,0.024702605
KKKD138,pRelA,TNFalpha,pRelA_TNFalpha,2,0.017753103,0.018927636
KKU156,pRelA,TNFalpha,pRelA_TNFalpha,2,0.01548055,0.017435424
KKU213,pRelA,TNFalpha,pRelA_TNFalpha,2,0.0119941,0.014367263
KKU214,pRelA,TNFalpha,pRelA_TNFalpha,2,0.020940729,0.019412
RBE,pRelA,TNFalpha,pRelA_TNFalpha,2,0.038253266,0.040063268
SSP25,pRelA,TNFalpha,pRelA_TNFalpha,2,0.010395633,0.01059852
HUCCT1,pS6K,Anisomycin,pS6K_Anisomycin,1,0.002283726,0.00290154
KKU055,pS6K,Anisomycin,pS6K_Anisomycin,1,0,0
KKKD068,pS6K,Anisomycin,pS6K_Anisomycin,1,0.084950178,0.141578556
KKU100,pS6K,Anisomycin,pS6K_Anisomycin,1,0.027407626,0.051965798
KKKD131,pS6K,Anisomycin,pS6K_Anisomycin,1,0.004965682,0.006544574
KKKD138,pS6K,Anisomycin,pS6K_Anisomycin,1,0.014466796,0.045891845
KKU156,pS6K,Anisomycin,pS6K_Anisomycin,1,0,0
KKU213,pS6K,Anisomycin,pS6K_Anisomycin,1,0,0
KKU214,pS6K,Anisomycin,pS6K_Anisomycin,1,0.048238351,0.064267462
RBE,pS6K,Anisomycin,pS6K_Anisomycin,1,0.077831022,0.111035065
SSP25,pS6K,Anisomycin,pS6K_Anisomycin,1,0.10978486,0.168186083
HUCCT1,pS6K,Anisomycin,pS6K_Anisomycin,2,0.017924611,0.011389664
KKU055,pS6K,Anisomycin,pS6K_Anisomycin,2,0.010987858,0.004242648
KKKD068,pS6K,Anisomycin,pS6K_Anisomycin,2,0.100699392,0.09928937
KKU100,pS6K,Anisomycin,pS6K_Anisomycin,2,0.061106753,0.068843449
KKKD131,pS6K,Anisomycin,pS6K_Anisomycin,2,0.025020463,0.027455682
KKKD138,pS6K,Anisomycin,pS6K_Anisomycin,2,0.023779214,0.029571901
KKU156,pS6K,Anisomycin,pS6K_Anisomycin,2,0.071121856,0.094591604
KKU213,pS6K,Anisomycin,pS6K_Anisomycin,2,0.066438901,0.084834232
KKU214,pS6K,Anisomycin,pS6K_Anisomycin,2,0.016608325,0.018195566
RBE,pS6K,Anisomycin,pS6K_Anisomycin,2,0.058440101,0.067576227
SSP25,pS6K,Anisomycin,pS6K_Anisomycin,2,0.315653873,0.313899095
HUCCT1,pS6K,EGF,pS6K_EGF,1,0.001057654,0.002096872
KKU055,pS6K,EGF,pS6K_EGF,1,0.000348449,0
KKKD068,pS6K,EGF,pS6K_EGF,1,0,0
KKU100,pS6K,EGF,pS6K_EGF,1,0.249343187,0.27767894
KKKD131,pS6K,EGF,pS6K_EGF,1,0.004690159,0.00595175
KKKD138,pS6K,EGF,pS6K_EGF,1,0.338143812,0.362824694
KKU156,pS6K,EGF,pS6K_EGF,1,0,0
KKU213,pS6K,EGF,pS6K_EGF,1,0.04815622,0.058726882
KKU214,pS6K,EGF,pS6K_EGF,1,0.117936236,0.141219917
RBE,pS6K,EGF,pS6K_EGF,1,0.025374092,0.042246488
SSP25,pS6K,EGF,pS6K_EGF,1,0.012603779,0.015847625
HUCCT1,pS6K,EGF,pS6K_EGF,2,0.033122372,0.04728688
KKU055,pS6K,EGF,pS6K_EGF,2,0.000348449,0
KKKD068,pS6K,EGF,pS6K_EGF,2,0.021839127,0.025439916
KKU100,pS6K,EGF,pS6K_EGF,2,0.31486631,0.323803769
KKKD131,pS6K,EGF,pS6K_EGF,2,0.034036779,0.038041333
KKKD138,pS6K,EGF,pS6K_EGF,2,0.416592314,0.407032071
KKU156,pS6K,EGF,pS6K_EGF,2,0.049961527,0.061185301
KKU213,pS6K,EGF,pS6K_EGF,2,0.030373603,0.038865989
KKU214,pS6K,EGF,pS6K_EGF,2,0.418896575,0.4220401
RBE,pS6K,EGF,pS6K_EGF,2,0.040340496,0.052557242
SSP25,pS6K,EGF,pS6K_EGF,2,0.036594973,0.054882368
HUCCT1,pS6K,IFNgamma,pS6K_IFNgamma,1,0.000275698,1.29592E-05
KKU055,pS6K,IFNgamma,pS6K_IFNgamma,1,0.001867254,0.001222084
KKKD068,pS6K,IFNgamma,pS6K_IFNgamma,1,0.013534545,0.01098369
KKU100,pS6K,IFNgamma,pS6K_IFNgamma,1,0,0
KKKD131,pS6K,IFNgamma,pS6K_IFNgamma,1,0.028425797,0.035427318
KKKD138,pS6K,IFNgamma,pS6K_IFNgamma,1,0,0
KKU156,pS6K,IFNgamma,pS6K_IFNgamma,1,0.00768086,0.011104041
KKU213,pS6K,IFNgamma,pS6K_IFNgamma,1,0,0
KKU214,pS6K,IFNgamma,pS6K_IFNgamma,1,0.000325374,0.000222875
RBE,pS6K,IFNgamma,pS6K_IFNgamma,1,0.003725295,0.003541244
SSP25,pS6K,IFNgamma,pS6K_IFNgamma,1,0.015659478,0.01240025
HUCCT1,pS6K,IFNgamma,pS6K_IFNgamma,2,0.006619537,0.006633522
KKU055,pS6K,IFNgamma,pS6K_IFNgamma,2,0,0
KKKD068,pS6K,IFNgamma,pS6K_IFNgamma,2,0.003761196,0.002354634
KKU100,pS6K,IFNgamma,pS6K_IFNgamma,2,0.009222899,0.01076592
KKKD131,pS6K,IFNgamma,pS6K_IFNgamma,2,0.000851756,0
KKKD138,pS6K,IFNgamma,pS6K_IFNgamma,2,0.006640395,0.008673032
KKU156,pS6K,IFNgamma,pS6K_IFNgamma,2,0.005307953,0.007780402
KKU213,pS6K,IFNgamma,pS6K_IFNgamma,2,0,6.725E-05
KKU214,pS6K,IFNgamma,pS6K_IFNgamma,2,0.001906861,0.002052375
RBE,pS6K,IFNgamma,pS6K_IFNgamma,2,0.00747491,0.008492684
SSP25,pS6K,IFNgamma,pS6K_IFNgamma,2,0.090175329,0.070103146
HUCCT1,pS6K,IGF1,pS6K_IGF1,1,0.001101392,0.001436332
KKU055,pS6K,IGF1,pS6K_IGF1,1,0,0
KKKD068,pS6K,IGF1,pS6K_IGF1,1,0,0
KKU100,pS6K,IGF1,pS6K_IGF1,1,0.215167929,0.240962528
KKKD131,pS6K,IGF1,pS6K_IGF1,1,0,0
KKKD138,pS6K,IGF1,pS6K_IGF1,1,0.209520235,0.208275254
KKU156,pS6K,IGF1,pS6K_IGF1,1,0,0
KKU213,pS6K,IGF1,pS6K_IGF1,1,0.016525258,0.025438301
KKU214,pS6K,IGF1,pS6K_IGF1,1,0.007942895,0.012060006
RBE,pS6K,IGF1,pS6K_IGF1,1,0.028430882,0.048065898
SSP25,pS6K,IGF1,pS6K_IGF1,1,0.002425025,0.00237175
HUCCT1,pS6K,IGF1,pS6K_IGF1,2,0.049461629,0.062301706
KKU055,pS6K,IGF1,pS6K_IGF1,2,0,0
KKKD068,pS6K,IGF1,pS6K_IGF1,2,0.022792211,0.027055178
KKU100,pS6K,IGF1,pS6K_IGF1,2,0.215167929,0.240962528
KKKD131,pS6K,IGF1,pS6K_IGF1,2,0.020540981,0.023975287
KKKD138,pS6K,IGF1,pS6K_IGF1,2,0.285265514,0.252298819
KKU156,pS6K,IGF1,pS6K_IGF1,2,0.056161798,0.073660474
KKU213,pS6K,IGF1,pS6K_IGF1,2,0.026872932,0.031981691
KKU214,pS6K,IGF1,pS6K_IGF1,2,0.11231076,0.169806545
RBE,pS6K,IGF1,pS6K_IGF1,2,0.029230531,0.036213476
SSP25,pS6K,IGF1,pS6K_IGF1,2,0.035478023,0.048691573
HUCCT1,pS6K,TNFalpha,pS6K_TNFalpha,1,0.036878484,0.038725246
KKU055,pS6K,TNFalpha,pS6K_TNFalpha,1,6.58074E-05,8.72703E-05
KKKD068,pS6K,TNFalpha,pS6K_TNFalpha,1,0.007355969,0.010270711
KKU100,pS6K,TNFalpha,pS6K_TNFalpha,1,0.013697595,0.017462096
KKKD131,pS6K,TNFalpha,pS6K_TNFalpha,1,0.01922719,0.024960605
KKKD138,pS6K,TNFalpha,pS6K_TNFalpha,1,0.002549346,0.007740212
KKU156,pS6K,TNFalpha,pS6K_TNFalpha,1,0.016865948,0.027688926
KKU213,pS6K,TNFalpha,pS6K_TNFalpha,1,0,0
KKU214,pS6K,TNFalpha,pS6K_TNFalpha,1,0.008152548,0.009854488
RBE,pS6K,TNFalpha,pS6K_TNFalpha,1,0.011997297,0.014304758
SSP25,pS6K,TNFalpha,pS6K_TNFalpha,1,0,0
HUCCT1,pS6K,TNFalpha,pS6K_TNFalpha,2,0.036878484,0.038725246
KKU055,pS6K,TNFalpha,pS6K_TNFalpha,2,0.006045669,0
KKKD068,pS6K,TNFalpha,pS6K_TNFalpha,2,0.067569186,0.04571758
KKU100,pS6K,TNFalpha,pS6K_TNFalpha,2,0.030863595,0.034165379
KKKD131,pS6K,TNFalpha,pS6K_TNFalpha,2,0.007535175,0.008206703
KKKD138,pS6K,TNFalpha,pS6K_TNFalpha,2,0.029824668,0.033254913
KKU156,pS6K,TNFalpha,pS6K_TNFalpha,2,0.009153899,0.013762919
KKU213,pS6K,TNFalpha,pS6K_TNFalpha,2,0.002413627,0.0038908
KKU214,pS6K,TNFalpha,pS6K_TNFalpha,2,0.020641009,0.024652225
RBE,pS6K,TNFalpha,pS6K_TNFalpha,2,0.021150851,0.023910794
SSP25,pS6K,TNFalpha,pS6K_TNFalpha,2,0.037546895,0.045126056
HUCCT1,pSTAT1,Anisomycin,pSTAT1_Anisomycin,1,0.013691345,0.027263325
KKU055,pSTAT1,Anisomycin,pSTAT1_Anisomycin,1,0,0
KKKD068,pSTAT1,Anisomycin,pSTAT1_Anisomycin,1,0,0.016936046
KKU100,pSTAT1,Anisomycin,pSTAT1_Anisomycin,1,0,0
KKKD131,pSTAT1,Anisomycin,pSTAT1_Anisomycin,1,0.006092455,0.001772625
KKKD138,pSTAT1,Anisomycin,pSTAT1_Anisomycin,1,0,0
KKU156,pSTAT1,Anisomycin,pSTAT1_Anisomycin,1,0,0
KKU213,pSTAT1,Anisomycin,pSTAT1_Anisomycin,1,0.127533495,0.15392392
KKU214,pSTAT1,Anisomycin,pSTAT1_Anisomycin,1,0.01338066,0.00344775
RBE,pSTAT1,Anisomycin,pSTAT1_Anisomycin,1,0,0
SSP25,pSTAT1,Anisomycin,pSTAT1_Anisomycin,1,0,0
HUCCT1,pSTAT1,Anisomycin,pSTAT1_Anisomycin,2,0.023410559,0.03169979
KKU055,pSTAT1,Anisomycin,pSTAT1_Anisomycin,2,0.051884595,0.058380062
KKKD068,pSTAT1,Anisomycin,pSTAT1_Anisomycin,2,0.048035284,0.065416346
KKU100,pSTAT1,Anisomycin,pSTAT1_Anisomycin,2,0.014949813,0.019197617
KKKD131,pSTAT1,Anisomycin,pSTAT1_Anisomycin,2,0.093595149,0.108134087
KKKD138,pSTAT1,Anisomycin,pSTAT1_Anisomycin,2,0.005370291,0.006859111
KKU156,pSTAT1,Anisomycin,pSTAT1_Anisomycin,2,0.014925718,0.020366039
KKU213,pSTAT1,Anisomycin,pSTAT1_Anisomycin,2,0.015963052,0.021697438
KKU214,pSTAT1,Anisomycin,pSTAT1_Anisomycin,2,0.098867158,0.11887887
RBE,pSTAT1,Anisomycin,pSTAT1_Anisomycin,2,0.036982307,0.046658237
SSP25,pSTAT1,Anisomycin,pSTAT1_Anisomycin,2,0,0
HUCCT1,pSTAT1,EGF,pSTAT1_EGF,1,0.029239918,0.029575117
KKU055,pSTAT1,EGF,pSTAT1_EGF,1,0,0.010860585
KKKD068,pSTAT1,EGF,pSTAT1_EGF,1,0,0
KKU100,pSTAT1,EGF,pSTAT1_EGF,1,0.015091306,0.020415118
KKKD131,pSTAT1,EGF,pSTAT1_EGF,1,0.004961765,0.0121745
KKKD138,pSTAT1,EGF,pSTAT1_EGF,1,0.006773224,0.004857551
KKU156,pSTAT1,EGF,pSTAT1_EGF,1,0,0
KKU213,pSTAT1,EGF,pSTAT1_EGF,1,0,0
KKU214,pSTAT1,EGF,pSTAT1_EGF,1,0.046140595,0.053852159
RBE,pSTAT1,EGF,pSTAT1_EGF,1,0.015996205,0.024093167
SSP25,pSTAT1,EGF,pSTAT1_EGF,1,0.343343448,0.343266944
HUCCT1,pSTAT1,EGF,pSTAT1_EGF,2,0.030363619,0.03882354
KKU055,pSTAT1,EGF,pSTAT1_EGF,2,0.032052628,0.038897121
KKKD068,pSTAT1,EGF,pSTAT1_EGF,2,0.052711015,0.066504359
KKU100,pSTAT1,EGF,pSTAT1_EGF,2,0.050620008,0.06314441
KKKD131,pSTAT1,EGF,pSTAT1_EGF,2,0.076120997,0.086987826
KKKD138,pSTAT1,EGF,pSTAT1_EGF,2,0.009732796,0.011341139
KKU156,pSTAT1,EGF,pSTAT1_EGF,2,0.034376824,0.045373504
KKU213,pSTAT1,EGF,pSTAT1_EGF,2,0.158735375,0.178659562
KKU214,pSTAT1,EGF,pSTAT1_EGF,2,0.063581026,0.07969785
RBE,pSTAT1,EGF,pSTAT1_EGF,2,0.018002662,0.023925746
SSP25,pSTAT1,EGF,pSTAT1_EGF,2,0.075565174,0.063273934
HUCCT1,pSTAT1,IFNgamma,pSTAT1_IFNgamma,1,0.113597981,0.119222555
KKU055,pSTAT1,IFNgamma,pSTAT1_IFNgamma,1,0.233917395,0.237911164
KKKD068,pSTAT1,IFNgamma,pSTAT1_IFNgamma,1,0.35131027,0.355086571
KKU100,pSTAT1,IFNgamma,pSTAT1_IFNgamma,1,0.282248782,0.335265656
KKKD131,pSTAT1,IFNgamma,pSTAT1_IFNgamma,1,0.444889258,0.477269327
KKKD138,pSTAT1,IFNgamma,pSTAT1_IFNgamma,1,0.461268245,0.494430261
KKU156,pSTAT1,IFNgamma,pSTAT1_IFNgamma,1,0.148608881,0.154791037
KKU213,pSTAT1,IFNgamma,pSTAT1_IFNgamma,1,0.27455318,0.274170437
KKU214,pSTAT1,IFNgamma,pSTAT1_IFNgamma,1,0.29215964,0.31221688
RBE,pSTAT1,IFNgamma,pSTAT1_IFNgamma,1,0.196277901,0.216001257
SSP25,pSTAT1,IFNgamma,pSTAT1_IFNgamma,1,0.310481241,0.32895075
HUCCT1,pSTAT1,IFNgamma,pSTAT1_IFNgamma,2,0.048096225,0.049885739
KKU055,pSTAT1,IFNgamma,pSTAT1_IFNgamma,2,0.270660155,0.27210824
KKKD068,pSTAT1,IFNgamma,pSTAT1_IFNgamma,2,0.038623805,0.039867655
KKU100,pSTAT1,IFNgamma,pSTAT1_IFNgamma,2,0.039235426,0.041529679
KKKD131,pSTAT1,IFNgamma,pSTAT1_IFNgamma,2,0.214233776,0.216943322
KKKD138,pSTAT1,IFNgamma,pSTAT1_IFNgamma,2,0.215656747,0.218273361
KKU156,pSTAT1,IFNgamma,pSTAT1_IFNgamma,2,0.139538663,0.151683708
KKU213,pSTAT1,IFNgamma,pSTAT1_IFNgamma,2,0.314406483,0.319915139
KKU214,pSTAT1,IFNgamma,pSTAT1_IFNgamma,2,0.28776309,0.301728773
RBE,pSTAT1,IFNgamma,pSTAT1_IFNgamma,2,0.111783785,0.104786059
SSP25,pSTAT1,IFNgamma,pSTAT1_IFNgamma,2,0.187143369,0.192795318
HUCCT1,pSTAT1,IGF1,pSTAT1_IGF1,1,0.01455092,0.00649451
KKU055,pSTAT1,IGF1,pSTAT1_IGF1,1,0,0.001831481
KKKD068,pSTAT1,IGF1,pSTAT1_IGF1,1,0,0
KKU100,pSTAT1,IGF1,pSTAT1_IGF1,1,0.017877393,0.014542734
KKKD131,pSTAT1,IGF1,pSTAT1_IGF1,1,0.012753264,0.000562392
KKKD138,pSTAT1,IGF1,pSTAT1_IGF1,1,0,0
KKU156,pSTAT1,IGF1,pSTAT1_IGF1,1,0,0
KKU213,pSTAT1,IGF1,pSTAT1_IGF1,1,0,0
KKU214,pSTAT1,IGF1,pSTAT1_IGF1,1,0.026522569,0.011601496
RBE,pSTAT1,IGF1,pSTAT1_IGF1,1,0,0
SSP25,pSTAT1,IGF1,pSTAT1_IGF1,1,0,0
HUCCT1,pSTAT1,IGF1,pSTAT1_IGF1,2,0.011721362,0.01860033
KKU055,pSTAT1,IGF1,pSTAT1_IGF1,2,0.010882404,0.012645419
KKKD068,pSTAT1,IGF1,pSTAT1_IGF1,2,0.056067842,0.06705517
KKU100,pSTAT1,IGF1,pSTAT1_IGF1,2,0.042875221,0.05336971
KKKD131,pSTAT1,IGF1,pSTAT1_IGF1,2,0.006189704,0.007726473
KKKD138,pSTAT1,IGF1,pSTAT1_IGF1,2,0.001587036,0.00208748
KKU156,pSTAT1,IGF1,pSTAT1_IGF1,2,0.001412966,0.001830875
KKU213,pSTAT1,IGF1,pSTAT1_IGF1,2,0,3.06128E-05
KKU214,pSTAT1,IGF1,pSTAT1_IGF1,2,0,0
RBE,pSTAT1,IGF1,pSTAT1_IGF1,2,0.056884717,0.06639038
SSP25,pSTAT1,IGF1,pSTAT1_IGF1,2,0,0
HUCCT1,pSTAT1,TNFalpha,pSTAT1_TNFalpha,1,0.004656528,0.004258373
KKU055,pSTAT1,TNFalpha,pSTAT1_TNFalpha,1,0.001758163,0.002066644
KKKD068,pSTAT1,TNFalpha,pSTAT1_TNFalpha,1,0.012706864,3.45399E-05
KKU100,pSTAT1,TNFalpha,pSTAT1_TNFalpha,1,0.005561062,0.004206256
KKKD131,pSTAT1,TNFalpha,pSTAT1_TNFalpha,1,0.024773179,0.002233036
KKKD138,pSTAT1,TNFalpha,pSTAT1_TNFalpha,1,0.024279409,0.003324734
KKU156,pSTAT1,TNFalpha,pSTAT1_TNFalpha,1,0,0
KKU213,pSTAT1,TNFalpha,pSTAT1_TNFalpha,1,0.007663497,0.007341109
KKU214,pSTAT1,TNFalpha,pSTAT1_TNFalpha,1,0.001376606,0.000514994
RBE,pSTAT1,TNFalpha,pSTAT1_TNFalpha,1,0.000855016,0.003416561
SSP25,pSTAT1,TNFalpha,pSTAT1_TNFalpha,1,0.009874311,0.009758732
HUCCT1,pSTAT1,TNFalpha,pSTAT1_TNFalpha,2,0.038867951,0.037580283
KKU055,pSTAT1,TNFalpha,pSTAT1_TNFalpha,2,0.003473784,0.003685081
KKKD068,pSTAT1,TNFalpha,pSTAT1_TNFalpha,2,0.00318709,0.003552895
KKU100,pSTAT1,TNFalpha,pSTAT1_TNFalpha,2,0.033050133,0.030570304
KKKD131,pSTAT1,TNFalpha,pSTAT1_TNFalpha,2,0.0147668,0.015355706
KKKD138,pSTAT1,TNFalpha,pSTAT1_TNFalpha,2,0.014787496,0.015302625
KKU156,pSTAT1,TNFalpha,pSTAT1_TNFalpha,2,0.000129884,0.0003585
KKU213,pSTAT1,TNFalpha,pSTAT1_TNFalpha,2,0.049529497,0.049365755
KKU214,pSTAT1,TNFalpha,pSTAT1_TNFalpha,2,0.004363329,0.004475565
RBE,pSTAT1,TNFalpha,pSTAT1_TNFalpha,2,0.066797368,0.066013665
SSP25,pSTAT1,TNFalpha,pSTAT1_TNFalpha,2,0.009874311,0.009758732
HUCCT1,pSTAT3,Anisomycin,pSTAT3_Anisomycin,1,0,0.002054806
KKU055,pSTAT3,Anisomycin,pSTAT3_Anisomycin,1,0.033109042,0.008163703
KKKD068,pSTAT3,Anisomycin,pSTAT3_Anisomycin,1,0,0
KKU100,pSTAT3,Anisomycin,pSTAT3_Anisomycin,1,0.015035095,0.001324175
KKKD131,pSTAT3,Anisomycin,pSTAT3_Anisomycin,1,0,0
KKKD138,pSTAT3,Anisomycin,pSTAT3_Anisomycin,1,0.008979893,0
KKU156,pSTAT3,Anisomycin,pSTAT3_Anisomycin,1,0,0
KKU213,pSTAT3,Anisomycin,pSTAT3_Anisomycin,1,0.009981845,0.0039095
KKU214,pSTAT3,Anisomycin,pSTAT3_Anisomycin,1,0.005889259,0.005229158
RBE,pSTAT3,Anisomycin,pSTAT3_Anisomycin,1,0.026925776,0.003657625
SSP25,pSTAT3,Anisomycin,pSTAT3_Anisomycin,1,0,0
HUCCT1,pSTAT3,Anisomycin,pSTAT3_Anisomycin,2,0.019155967,0.022774511
KKU055,pSTAT3,Anisomycin,pSTAT3_Anisomycin,2,0.011852511,0.014074626
KKKD068,pSTAT3,Anisomycin,pSTAT3_Anisomycin,2,0.009445032,0.010703764
KKU100,pSTAT3,Anisomycin,pSTAT3_Anisomycin,2,0.00084119,0.000876322
KKKD131,pSTAT3,Anisomycin,pSTAT3_Anisomycin,2,0.017289344,0.021324203
KKKD138,pSTAT3,Anisomycin,pSTAT3_Anisomycin,2,0,0
KKU156,pSTAT3,Anisomycin,pSTAT3_Anisomycin,2,0.001004689,0.00100275
KKU213,pSTAT3,Anisomycin,pSTAT3_Anisomycin,2,0.009073566,0.01033625
KKU214,pSTAT3,Anisomycin,pSTAT3_Anisomycin,2,0.005083801,0.006312125
RBE,pSTAT3,Anisomycin,pSTAT3_Anisomycin,2,0.001489357,0.001486875
SSP25,pSTAT3,Anisomycin,pSTAT3_Anisomycin,2,0,0
HUCCT1,pSTAT3,EGF,pSTAT3_EGF,1,0.019634287,0.018726618
KKU055,pSTAT3,EGF,pSTAT3_EGF,1,0.007527498,0.008527628
KKKD068,pSTAT3,EGF,pSTAT3_EGF,1,0.000892462,0
KKU100,pSTAT3,EGF,pSTAT3_EGF,1,0.07974798,0.057342862
KKKD131,pSTAT3,EGF,pSTAT3_EGF,1,0,0.0022075
KKKD138,pSTAT3,EGF,pSTAT3_EGF,1,0.009455798,0.00130925
KKU156,pSTAT3,EGF,pSTAT3_EGF,1,0.000418862,0.00029825
KKU213,pSTAT3,EGF,pSTAT3_EGF,1,0.038265235,0.016641647
KKU214,pSTAT3,EGF,pSTAT3_EGF,1,0.005025824,0.003119375
RBE,pSTAT3,EGF,pSTAT3_EGF,1,0.014589464,0.003845671
SSP25,pSTAT3,EGF,pSTAT3_EGF,1,0,0
HUCCT1,pSTAT3,EGF,pSTAT3_EGF,2,0.002896429,0.004532803
KKU055,pSTAT3,EGF,pSTAT3_EGF,2,0.008653807,0.011807566
KKKD068,pSTAT3,EGF,pSTAT3_EGF,2,0.025999022,0.030456704
KKU100,pSTAT3,EGF,pSTAT3_EGF,2,0.025489242,0.029921464
KKKD131,pSTAT3,EGF,pSTAT3_EGF,2,0.012172073,0.015204697
KKKD138,pSTAT3,EGF,pSTAT3_EGF,2,0,0
KKU156,pSTAT3,EGF,pSTAT3_EGF,2,0.004097201,0.004360173
KKU213,pSTAT3,EGF,pSTAT3_EGF,2,0.011302418,0.01229225
KKU214,pSTAT3,EGF,pSTAT3_EGF,2,0.018019235,0.0205065
RBE,pSTAT3,EGF,pSTAT3_EGF,2,0.002665862,0.002830375
SSP25,pSTAT3,EGF,pSTAT3_EGF,2,0,0
HUCCT1,pSTAT3,IFNgamma,pSTAT3_IFNgamma,1,0.000946387,0.001669676
KKU055,pSTAT3,IFNgamma,pSTAT3_IFNgamma,1,0.002597774,0.002873458
KKKD068,pSTAT3,IFNgamma,pSTAT3_IFNgamma,1,0.013481292,0.015370671
KKU100,pSTAT3,IFNgamma,pSTAT3_IFNgamma,1,0.006260014,0.006971075
KKKD131,pSTAT3,IFNgamma,pSTAT3_IFNgamma,1,0.008309727,0.010601561
KKKD138,pSTAT3,IFNgamma,pSTAT3_IFNgamma,1,0.008165399,0.010506879
KKU156,pSTAT3,IFNgamma,pSTAT3_IFNgamma,1,0.001439714,0.001613988
KKU213,pSTAT3,IFNgamma,pSTAT3_IFNgamma,1,0.000127169,0.000150356
KKU214,pSTAT3,IFNgamma,pSTAT3_IFNgamma,1,0.00144091,0.00202027
RBE,pSTAT3,IFNgamma,pSTAT3_IFNgamma,1,0.015442179,0.015684572
SSP25,pSTAT3,IFNgamma,pSTAT3_IFNgamma,1,0.006494506,0.007744604
HUCCT1,pSTAT3,IFNgamma,pSTAT3_IFNgamma,2,0.00749663,0.008542373
KKU055,pSTAT3,IFNgamma,pSTAT3_IFNgamma,2,0.002597774,0.002873458
KKKD068,pSTAT3,IFNgamma,pSTAT3_IFNgamma,2,0.010503378,0.012815434
KKU100,pSTAT3,IFNgamma,pSTAT3_IFNgamma,2,0.006163921,0.007174038
KKKD131,pSTAT3,IFNgamma,pSTAT3_IFNgamma,2,0.011042174,0.012879505
KKKD138,pSTAT3,IFNgamma,pSTAT3_IFNgamma,2,0.011207667,0.013054326
KKU156,pSTAT3,IFNgamma,pSTAT3_IFNgamma,2,0.009282082,0.011275352
KKU213,pSTAT3,IFNgamma,pSTAT3_IFNgamma,2,0.0070446,0.008527173
KKU214,pSTAT3,IFNgamma,pSTAT3_IFNgamma,2,0.004013702,0.004788123
RBE,pSTAT3,IFNgamma,pSTAT3_IFNgamma,2,0,0
SSP25,pSTAT3,IFNgamma,pSTAT3_IFNgamma,2,0.014051952,0.016225906
HUCCT1,pSTAT3,IGF1,pSTAT3_IGF1,1,0.001331873,0.007475501
KKU055,pSTAT3,IGF1,pSTAT3_IGF1,1,0.005504087,0.006712359
KKKD068,pSTAT3,IGF1,pSTAT3_IGF1,1,0,0
KKU100,pSTAT3,IGF1,pSTAT3_IGF1,1,0.009962351,0.008078854
KKKD131,pSTAT3,IGF1,pSTAT3_IGF1,1,0,0.002177571
KKKD138,pSTAT3,IGF1,pSTAT3_IGF1,1,0.001264553,0
KKU156,pSTAT3,IGF1,pSTAT3_IGF1,1,0.002528971,0.0023415
KKU213,pSTAT3,IGF1,pSTAT3_IGF1,1,0,0
KKU214,pSTAT3,IGF1,pSTAT3_IGF1,1,0,0
RBE,pSTAT3,IGF1,pSTAT3_IGF1,1,0.007567694,0.00236775
SSP25,pSTAT3,IGF1,pSTAT3_IGF1,1,0,0
HUCCT1,pSTAT3,IGF1,pSTAT3_IGF1,2,0.00430277,0.005344898
KKU055,pSTAT3,IGF1,pSTAT3_IGF1,2,0.009994087,0.014025051
KKKD068,pSTAT3,IGF1,pSTAT3_IGF1,2,0.017375149,0.017309241
KKU100,pSTAT3,IGF1,pSTAT3_IGF1,2,0.009930985,0.011384797
KKKD131,pSTAT3,IGF1,pSTAT3_IGF1,2,0,0
KKKD138,pSTAT3,IGF1,pSTAT3_IGF1,2,0.001809658,0.001760526
KKU156,pSTAT3,IGF1,pSTAT3_IGF1,2,0.001435636,0.00151675
KKU213,pSTAT3,IGF1,pSTAT3_IGF1,2,0.000845084,0.00083375
KKU214,pSTAT3,IGF1,pSTAT3_IGF1,2,0,0
RBE,pSTAT3,IGF1,pSTAT3_IGF1,2,0.04327299,0.05068288
SSP25,pSTAT3,IGF1,pSTAT3_IGF1,2,0,0
HUCCT1,pSTAT3,TNFalpha,pSTAT3_TNFalpha,1,0.006770257,0.007254154
KKU055,pSTAT3,TNFalpha,pSTAT3_TNFalpha,1,0.000711633,0.000907542
KKKD068,pSTAT3,TNFalpha,pSTAT3_TNFalpha,1,0.001739065,0.001803734
KKU100,pSTAT3,TNFalpha,pSTAT3_TNFalpha,1,0.004819713,0.00519219
KKKD131,pSTAT3,TNFalpha,pSTAT3_TNFalpha,1,0,0
KKKD138,pSTAT3,TNFalpha,pSTAT3_TNFalpha,1,0,0
KKU156,pSTAT3,TNFalpha,pSTAT3_TNFalpha,1,0.000522495,0.000683
KKU213,pSTAT3,TNFalpha,pSTAT3_TNFalpha,1,0.00410841,0.004708805
KKU214,pSTAT3,TNFalpha,pSTAT3_TNFalpha,1,0.000762089,0.00097825
RBE,pSTAT3,TNFalpha,pSTAT3_TNFalpha,1,0.000863911,0.0009745
SSP25,pSTAT3,TNFalpha,pSTAT3_TNFalpha,1,8.86884E-05,0.00016825
HUCCT1,pSTAT3,TNFalpha,pSTAT3_TNFalpha,2,0.000232808,0.000142306
KKU055,pSTAT3,TNFalpha,pSTAT3_TNFalpha,2,2.19895E-05,0
KKKD068,pSTAT3,TNFalpha,pSTAT3_TNFalpha,2,0.005320886,0.006275894
KKU100,pSTAT3,TNFalpha,pSTAT3_TNFalpha,2,0.001686501,0.002816444
KKKD131,pSTAT3,TNFalpha,pSTAT3_TNFalpha,2,0.007833905,0.008809578
KKKD138,pSTAT3,TNFalpha,pSTAT3_TNFalpha,2,0.006909455,0.007878736
KKU156,pSTAT3,TNFalpha,pSTAT3_TNFalpha,2,0.000402147,0.00045625
KKU213,pSTAT3,TNFalpha,pSTAT3_TNFalpha,2,0.000786827,0.001032577
KKU214,pSTAT3,TNFalpha,pSTAT3_TNFalpha,2,0.000387723,0.0004175
RBE,pSTAT3,TNFalpha,pSTAT3_TNFalpha,2,0.000107685,0.000346
SSP25,pSTAT3,TNFalpha,pSTAT3_TNFalpha,2,0.001892049,0.00201725
HUCCT1,RelA,Anisomycin,RelA_Anisomycin,1,0,0
KKU055,RelA,Anisomycin,RelA_Anisomycin,1,0,0
KKKD068,RelA,Anisomycin,RelA_Anisomycin,1,0,0
KKU100,RelA,Anisomycin,RelA_Anisomycin,1,0,0.003249861
KKKD131,RelA,Anisomycin,RelA_Anisomycin,1,0.009676888,0.00954996
KKKD138,RelA,Anisomycin,RelA_Anisomycin,1,0.007075643,0.01668278
KKU156,RelA,Anisomycin,RelA_Anisomycin,1,0,0
KKU213,RelA,Anisomycin,RelA_Anisomycin,1,0.016802816,0.019491179
KKU214,RelA,Anisomycin,RelA_Anisomycin,1,0,0
RBE,RelA,Anisomycin,RelA_Anisomycin,1,0,0
SSP25,RelA,Anisomycin,RelA_Anisomycin,1,0.003155569,0.000418587
HUCCT1,RelA,Anisomycin,RelA_Anisomycin,2,0,0
KKU055,RelA,Anisomycin,RelA_Anisomycin,2,0,0
KKKD068,RelA,Anisomycin,RelA_Anisomycin,2,0.025774111,0.018890444
KKU100,RelA,Anisomycin,RelA_Anisomycin,2,0.090508762,0.090814272
KKKD131,RelA,Anisomycin,RelA_Anisomycin,2,0.047492509,0.027827512
KKKD138,RelA,Anisomycin,RelA_Anisomycin,2,0.057541648,0.061134915
KKU156,RelA,Anisomycin,RelA_Anisomycin,2,0,0
KKU213,RelA,Anisomycin,RelA_Anisomycin,2,0.227564349,0.217586554
KKU214,RelA,Anisomycin,RelA_Anisomycin,2,0,0
RBE,RelA,Anisomycin,RelA_Anisomycin,2,0.045044769,0.033252762
SSP25,RelA,Anisomycin,RelA_Anisomycin,2,0.013684415,0.013360396
HUCCT1,RelA,EGF,RelA_EGF,1,0,0
KKU055,RelA,EGF,RelA_EGF,1,0.005572389,0.003978733
KKKD068,RelA,EGF,RelA_EGF,1,0.012212078,0.001680744
KKU100,RelA,EGF,RelA_EGF,1,0.019341223,0.022559047
KKKD131,RelA,EGF,RelA_EGF,1,0,0
KKKD138,RelA,EGF,RelA_EGF,1,0,0.001828525
KKU156,RelA,EGF,RelA_EGF,1,0.023871251,0.019444571
KKU213,RelA,EGF,RelA_EGF,1,0.000221894,0
KKU214,RelA,EGF,RelA_EGF,1,0.005099815,0.004486109
RBE,RelA,EGF,RelA_EGF,1,0,0
SSP25,RelA,EGF,RelA_EGF,1,0.074327152,0.050808462
HUCCT1,RelA,EGF,RelA_EGF,2,0,0.00027509
KKU055,RelA,EGF,RelA_EGF,2,0.140647281,0.135348606
KKKD068,RelA,EGF,RelA_EGF,2,0.001206674,0.001683526
KKU100,RelA,EGF,RelA_EGF,2,0.019341223,0.022559047
KKKD131,RelA,EGF,RelA_EGF,2,0.01324873,0.023359282
KKKD138,RelA,EGF,RelA_EGF,2,0.020051562,0.020465105
KKU156,RelA,EGF,RelA_EGF,2,0,0
KKU213,RelA,EGF,RelA_EGF,2,0.002308936,0.002272882
KKU214,RelA,EGF,RelA_EGF,2,0,0
RBE,RelA,EGF,RelA_EGF,2,0.003372787,0.004932197
SSP25,RelA,EGF,RelA_EGF,2,0.098597049,0.102590065
HUCCT1,RelA,IFNgamma,RelA_IFNgamma,1,0.000160655,0
KKU055,RelA,IFNgamma,RelA_IFNgamma,1,0.00133368,0.0020888
KKKD068,RelA,IFNgamma,RelA_IFNgamma,1,0.00749536,0.007472766
KKU100,RelA,IFNgamma,RelA_IFNgamma,1,0.005036767,0.004624627
KKKD131,RelA,IFNgamma,RelA_IFNgamma,1,0,0
KKKD138,RelA,IFNgamma,RelA_IFNgamma,1,0,0
KKU156,RelA,IFNgamma,RelA_IFNgamma,1,0,0
KKU213,RelA,IFNgamma,RelA_IFNgamma,1,0.008166809,0.005214875
KKU214,RelA,IFNgamma,RelA_IFNgamma,1,0,0
RBE,RelA,IFNgamma,RelA_IFNgamma,1,0.004545188,0.000350273
SSP25,RelA,IFNgamma,RelA_IFNgamma,1,0.002920127,0.000371025
HUCCT1,RelA,IFNgamma,RelA_IFNgamma,2,0.000160655,0
KKU055,RelA,IFNgamma,RelA_IFNgamma,2,0.006599748,0
KKKD068,RelA,IFNgamma,RelA_IFNgamma,2,0.000155328,0.000155328
KKU100,RelA,IFNgamma,RelA_IFNgamma,2,0.005529254,0.004986071
KKKD131,RelA,IFNgamma,RelA_IFNgamma,2,0.042421359,0.039333794
KKKD138,RelA,IFNgamma,RelA_IFNgamma,2,0.052086738,0.125330828
KKU156,RelA,IFNgamma,RelA_IFNgamma,2,0.038738969,0.041061537
KKU213,RelA,IFNgamma,RelA_IFNgamma,2,0.002197454,0.002093965
KKU214,RelA,IFNgamma,RelA_IFNgamma,2,0.085059278,0.087643514
RBE,RelA,IFNgamma,RelA_IFNgamma,2,0.011060955,0.011904402
SSP25,RelA,IFNgamma,RelA_IFNgamma,2,0.007218868,0.006732401
HUCCT1,RelA,IGF1,RelA_IGF1,1,0,0
KKU055,RelA,IGF1,RelA_IGF1,1,0.00836041,0.008075179
KKKD068,RelA,IGF1,RelA_IGF1,1,0.092298945,0.078930796
KKU100,RelA,IGF1,RelA_IGF1,1,0.037782986,0.035334486
KKKD131,RelA,IGF1,RelA_IGF1,1,0.009733221,0.008785425
KKKD138,RelA,IGF1,RelA_IGF1,1,0,0
KKU156,RelA,IGF1,RelA_IGF1,1,0.012798031,0.005121004
KKU213,RelA,IGF1,RelA_IGF1,1,0.042312761,0.043273644
KKU214,RelA,IGF1,RelA_IGF1,1,0.013016678,0.014280979
RBE,RelA,IGF1,RelA_IGF1,1,0,0
SSP25,RelA,IGF1,RelA_IGF1,1,0.519794251,0.489114657
HUCCT1,RelA,IGF1,RelA_IGF1,2,0,0
KKU055,RelA,IGF1,RelA_IGF1,2,0.207942026,0.198879348
KKKD068,RelA,IGF1,RelA_IGF1,2,0.003961435,0.005976527
KKU100,RelA,IGF1,RelA_IGF1,2,0.130765285,0.124395382
KKKD131,RelA,IGF1,RelA_IGF1,2,0.014331833,0.016763021
KKKD138,RelA,IGF1,RelA_IGF1,2,0.020268173,0.02148045
KKU156,RelA,IGF1,RelA_IGF1,2,0.023516947,0.023260047
KKU213,RelA,IGF1,RelA_IGF1,2,0.004199948,0.001441213
KKU214,RelA,IGF1,RelA_IGF1,2,0.00245034,0.006753965
RBE,RelA,IGF1,RelA_IGF1,2,0.081868359,0.091492096
SSP25,RelA,IGF1,RelA_IGF1,2,0.138531989,0.137411921
HUCCT1,RelA,TNFalpha,RelA_TNFalpha,1,0.131915308,0.133062942
KKU055,RelA,TNFalpha,RelA_TNFalpha,1,0.073185411,0.082010659
KKKD068,RelA,TNFalpha,RelA_TNFalpha,1,0.058452179,0.063666492
KKU100,RelA,TNFalpha,RelA_TNFalpha,1,0.17439333,0.187608326
KKKD131,RelA,TNFalpha,RelA_TNFalpha,1,0.05748524,0.064294853
KKKD138,RelA,TNFalpha,RelA_TNFalpha,1,0.142720316,0.15748438
KKU156,RelA,TNFalpha,RelA_TNFalpha,1,0.101097411,0.101744443
KKU213,RelA,TNFalpha,RelA_TNFalpha,1,0.101306972,0.109583174
KKU214,RelA,TNFalpha,RelA_TNFalpha,1,0.085425889,0.093355017
RBE,RelA,TNFalpha,RelA_TNFalpha,1,0.149259513,0.156981598
SSP25,RelA,TNFalpha,RelA_TNFalpha,1,0.119372526,0.125973782
HUCCT1,RelA,TNFalpha,RelA_TNFalpha,2,0.268719044,0.265329143
KKU055,RelA,TNFalpha,RelA_TNFalpha,2,0.038025749,0.042948435
KKKD068,RelA,TNFalpha,RelA_TNFalpha,2,0.033291862,0.039570993
KKU100,RelA,TNFalpha,RelA_TNFalpha,2,0.135544098,0.153482534
KKKD131,RelA,TNFalpha,RelA_TNFalpha,2,0.03294659,0.042894455
KKKD138,RelA,TNFalpha,RelA_TNFalpha,2,0.022712264,0.030722257
KKU156,RelA,TNFalpha,RelA_TNFalpha,2,0.201488502,0.2019745
KKU213,RelA,TNFalpha,RelA_TNFalpha,2,0.036449277,0.042473342
KKU214,RelA,TNFalpha,RelA_TNFalpha,2,0.068290828,0.078338935
RBE,RelA,TNFalpha,RelA_TNFalpha,2,0.064321779,0.078558533
SSP25,RelA,TNFalpha,RelA_TNFalpha,2,0.093772213,0.112122313
