,HUCCT1,KKU055,KKU100,KKU156,KKU213,KKU214,KKKD068,KKKD131,KKKD138,RBE,SSP25
KMT2C,missense;,SNVs_Indel;,missense;,SNVs_Indel;,SNVs_Indel;,SNVs_Indel;,missense;,SNVs_Indel;,missense;,SNVs_Indel;,missense;
NOTCH2,missense;,0,0,SNVs_Indel;,SNVs_Indel;,frameshift_deletion;,missense;,missense;,missense;,frameshift_deletion;,missense;
TP53,missense;,0,0,missense;,missense;,missense;,stopgain;,missense;,stopgain;,0,missense;
TBP,0,0,frameshift_deletion;,nonframeshift_deletion;,nonframeshift_deletion;,0,nonframeshift_deletion;,nonframeshift_deletion;,0,nonframeshift_deletion;,nonframeshift_deletion;
NOTCH4,nonframeshift_deletion;,nonframeshift_deletion;,nonframeshift_deletion;,nonframeshift_deletion;,nonframeshift_deletion;,nonframeshift_deletion;,0,nonframeshift_deletion;,0,0,nonframeshift_deletion;
PEG3,0,missense;,missense;,missense;,missense;,missense;,0,0,missense;,0,0
AR,0,0,nonframeshift_insertion;,nonframeshift_deletion;,nonframeshift_deletion;,nonframeshift_deletion;,nonframeshift_deletion;,0,nonframeshift_deletion;,nonframeshift_insertion;,nonframeshift_insertion;
ATXN1,nonframeshift_deletion;,0,0,0,0,0,nonframeshift_insertion;,nonframeshift_deletion;,nonframeshift_deletion;,0,SNVs_Indel;
ZIM2,0,missense;,missense;,missense;,missense;,missense;,0,0,0,0,0
KCNN3,0,0,0,nonframeshift_insertion;,nonframeshift_insertion;,nonframeshift_insertion;,nonframeshift_insertion;,0,0,0,0
KRAS,missense;,0,missense;,missense;,missense;,missense;,0,0,0,missense;,0
ARID1A,0,SNVs_Indel;,0,0,missense;,0,nonframeshift_deletion;,0,0,0,0
CIC,0,missense;,0,missense;,missense;,missense;,0,0,0,0,0
FLT3,0,0,0,missense;,missense;,missense;,0,0,0,missense;,0
LRP1B,0,0,0,missense;,missense;,missense;,0,0,0,missense;,0
BLM,0,0,missense;,0,0,0,frameshift_insertion;,0,0,0,0
EPHA5,0,0,0,missense;,missense;,missense;,0,0,0,0,0
ERBB2,0,0,0,missense;,missense;,0,0,0,0,0,0
KMT2D,frameshift_deletion;,0,0,0,0,0,0,0,0,0,missense;
MAP2K2,missense;,0,0,missense;,missense;,missense;,0,0,0,0,0
PTEN,missense;,0,frameshift_insertion;,0,0,0,0,0,0,0,missense;
RBM10,0,0,0,stopgain;,stopgain;,stopgain;,stopgain;,0,0,0,0
SMAD4,0,missense;,0,missense;,missense;,missense;,0,0,0,0,0
SMARCA4,0,0,stopgain;,0,0,0,missense;,0,0,0,0
WRN,0,0,missense;,missense;,missense;,missense;,0,0,0,0,0
ACVR2A,0,0,0,missense;,missense;,missense;,0,0,0,0,0
AMER1,0,0,missense;,0,0,0,missense;,0,0,missense;,0
BIVM-ERCC5,0,0,0,missense;,missense;,missense;,0,0,0,0,0
CSMD1,0,0,0,missense;,0,missense;,0,0,0,0,0
ERCC5,0,0,0,missense;,missense;,missense;,0,0,0,0,0
KEAP1,0,0,missense;,0,0,0,0,0,0,0,missense;
MAML3,frameshift_deletion;,0,0,0,0,0,0,0,0,0,frameshift_deletion;
MSH6,0,0,0,0,0,0,0,0,0,missense;,0
MUTYH,0,0,0,missense;,missense;,missense;,0,0,0,0,0
NCOR1,0,missense;,0,0,0,0,0,missense;,0,0,0
NOTCH3,0,missense;,0,0,0,0,0,0,0,0,0
RUNX2,0,0,0,nonframeshift_insertion;,nonframeshift_insertion;,nonframeshift_insertion;,0,0,0,0,0
SETD2,stopgain;,0,missense;,0,0,0,0,0,0,0,missense;
SLC19A1,0,missense;,missense;,0,0,0,0,0,0,0,missense;
ABCB4,0,0,0,0,0,0,0,0,0,0,0
ABCC6,0,missense;,0,0,0,0,0,0,0,0,0
ABCC8,0,0,0,missense;,0,missense;,0,0,0,0,0
ARID1B,0,0,0,0,0,0,0,0,0,0,0
ASXL1,0,missense;,0,0,0,0,0,missense;,0,0,0
ATN1,0,0,0,nonframeshift_insertion;,0,0,nonframeshift_insertion;,0,0,0,0
BAP1,0,0,0,0,0,0,missense;,0,0,0,0
BTG1,0,0,0,0,missense;,0,0,0,0,0,0
CD22,0,0,missense;,0,0,0,0,0,0,0,0
DICER1,0,0,0,0,0,0,0,0,0,0,0
DNMT3A,0,0,0,0,0,0,0,missense;,0,0,0
ERG,0,0,0,0,0,0,0,0,0,0,0
FBXW7,stopgain;,0,0,0,0,0,0,0,0,0,0
FGFR3,0,0,missense;,0,0,0,0,0,0,0,0
GATA1,0,0,0,0,0,0,0,0,0,0,0
GLI2,missense;,0,0,0,0,0,0,0,0,0,0
IDH1,0,0,0,0,0,0,0,0,0,missense;,0
IKBKB,0,0,0,0,0,0,0,0,missense;,missense;,0
KEL,missense;,0,0,0,0,0,0,0,0,0,0
LRRK2,0,0,0,0,0,0,missense;,0,missense;,0,0
MAP2K1,0,missense;,0,0,0,0,0,0,missense;,0,0
MPL,0,0,0,0,0,0,missense;,0,0,0,0
NF1,0,0,0,0,0,0,0,0,missense;,0,0
PIK3C2B,0,0,missense;,0,0,0,0,0,0,0,missense;
PIK3CA,0,0,0,0,0,0,0,0,0,0,0
PTCH1,0,0,0,0,0,0,0,0,0,0,0
RB1,missense;,0,0,0,0,0,0,0,0,0,0
RECQL4,0,0,nonframeshift_insertion;,0,0,0,0,0,0,missense;,0
RET,0,0,0,0,0,0,0,0,missense;,0,0
RRM1,0,missense;,0,0,0,0,0,0,0,0,0
SMO,0,0,0,0,0,0,nonframeshift_insertion;,missense;,0,0,0
STK11,0,missense;,0,0,0,0,0,0,0,missense;,0
TEK,0,0,0,0,0,0,0,0,missense;,0,0
TET2,missense;,0,0,0,0,0,missense;,0,0,0,0
ABL2,0,0,0,0,0,0,0,0,0,0,0
ABR,0,0,0,0,0,0,0,0,missense;,0,0
AKT1,0,0,0,0,0,0,0,0,0,0,0
APC,0,frameshift_insertion;,0,0,0,0,0,0,0,0,0
ARID2,0,0,0,0,0,0,0,0,0,0,0
ATM,0,0,0,0,0,0,0,0,missense;,0,0
BAX,0,0,0,0,0,0,0,0,0,missense;,0
BCL2L1,0,0,0,0,0,0,0,0,0,0,0
BCOR,0,0,0,0,0,0,0,0,0,0,0
BCR,0,0,0,0,0,0,0,0,0,0,0
BIRC5,0,0,0,0,0,0,missense;,0,0,0,0
BRCA1,0,0,0,0,0,0,0,0,0,0,missense;
BRCA2,missense;,0,0,0,0,0,0,0,0,0,0
BRD3,0,0,0,0,0,0,0,missense;,0,0,0
CAMKK2,0,0,0,0,0,0,0,0,0,0,0
CDC42,0,0,0,0,0,0,0,0,0,0,0
CDH1,0,0,0,0,0,0,0,missense;,0,0,0
CDK12,0,0,0,0,0,0,0,0,0,0,0
CHEK2,0,0,0,0,0,0,missense;,0,0,0,0
CNTNAP1,0,0,0,0,0,0,0,0,0,0,0
COMT,0,0,missense;,0,0,0,0,0,0,0,0
CSMD3,0,0,0,0,0,0,0,0,0,missense;,0
CTNNA1,0,0,0,0,0,0,0,0,stopgain;,0,0
CYLD,0,0,0,0,0,0,0,0,0,0,0
CYP1B1,missense;,0,0,0,0,0,0,0,0,0,0
CYP2E1,frameshift_deletion;,0,0,0,0,0,0,0,0,0,0
CYP3A4,0,0,0,0,0,0,0,0,0,0,missense;
DPYD,0,0,0,0,0,0,0,0,0,0,0
EML4,0,0,missense;,0,0,0,0,0,0,0,0
EPHA7,0,0,0,0,0,0,0,0,0,0,missense;
ERBB3,missense;,0,0,0,0,0,0,0,0,0,0
ERCC3,0,0,0,0,0,0,0,missense;,0,0,0
ERRFI1,0,0,missense;,0,0,0,0,0,0,0,0
ETV6,0,0,0,0,0,0,0,0,0,0,0
FANCA,0,missense;,0,0,0,0,0,0,0,0,0
FANCD2,0,0,0,0,0,0,0,0,0,0,0
FANCG,0,0,0,0,0,0,0,0,0,0,0
FANCI,0,0,0,0,0,0,0,0,0,0,0
FAS,0,0,0,0,0,0,0,0,0,nonframeshift_deletion;,0
FAT1,0,0,0,0,0,0,missense;,0,0,0,0
FCGR3B,0,missense;,0,0,0,0,0,0,0,0,0
FGF3,0,0,0,0,0,0,0,0,0,missense;,0
FGF6,0,missense;,0,0,0,0,0,0,0,0,0
FOXA3,0,0,0,0,0,0,0,0,missense;,0,0
FOXB1,0,missense;,0,0,0,0,0,0,0,0,0
FOXI2,0,0,0,0,0,0,0,missense;,0,0,0
GNA13,0,0,0,0,0,0,0,0,0,0,0
GSK3B,0,0,0,0,0,0,0,0,missense;,0,0
HIF1A,0,0,0,0,0,0,0,0,0,0,0
HNF1A,0,0,0,0,0,0,0,0,0,0,0
IKBKE,0,0,0,0,0,0,0,0,0,0,0
IKZF3,0,0,0,0,0,0,0,0,0,0,0
IRS2,0,0,0,0,0,0,missense;,0,0,0,0
KAT6A,0,0,0,0,0,0,0,0,0,0,0
KDM6A,0,0,0,0,0,0,0,0,0,0,0
KIAA1614,0,0,0,0,0,0,0,0,0,0,0
KMT2A,0,0,0,0,0,0,0,0,0,0,0
MAGI2,0,0,0,0,0,0,0,0,0,0,0
MAP3K1,0,0,0,0,0,0,missense;,0,0,0,0
MAPK9,0,0,0,0,0,0,0,0,0,0,missense;
MINK1,0,0,missense;,0,0,0,0,0,0,0,0
MSH2,0,0,0,0,0,0,0,0,0,0,0
MSH3,0,0,0,0,0,0,0,0,0,frameshift_insertion;,0
NCOA3,0,0,0,0,0,0,0,0,0,0,0
NKX2-2,0,missense;,0,0,0,0,0,0,0,0,0
NOTCH1,0,0,missense;,0,0,0,0,0,0,0,0
NRAS,0,0,0,0,0,0,0,missense;,0,0,0
NSD1,0,0,0,0,0,0,0,0,0,0,0
PALB2,0,0,0,0,0,0,0,0,0,0,0
PARP1,0,0,0,0,0,0,0,0,0,0,0
PBRM1,0,0,0,0,0,0,0,0,0,0,0
PDGFRA,0,0,0,0,0,0,0,0,missense;,0,0
PIK3CB,0,0,0,0,0,0,0,0,0,0,0
PLK1,0,0,0,0,0,0,0,0,0,0,0
POLD1,0,0,0,0,0,0,missense;,0,0,0,0
POLE,0,0,0,0,0,0,0,0,missense;,0,0
POTEE,0,0,0,0,0,0,0,0,0,0,0
PREX2,0,0,0,0,0,0,0,0,0,0,0
PRKCG,0,0,0,0,0,0,0,0,0,0,missense;
PRKCI,0,0,0,0,0,0,0,0,0,0,0
PTPN11,0,0,0,0,0,0,0,0,0,0,0
QKI,missense;,0,0,0,0,0,0,0,0,0,0
RAD51D,0,0,0,0,0,0,0,0,0,0,0
RGPD3,0,0,0,0,0,0,missense;,0,0,0,0
ROCK1,0,0,0,0,0,0,0,0,0,0,0
ROS1,0,0,0,0,0,0,0,0,0,0,0
RUNX1T1,0,missense;,0,0,0,0,0,0,0,0,0
SBDS,0,0,0,0,0,0,0,0,0,0,stopgain;
SDHA,missense;,0,0,0,0,0,0,0,0,0,0
SIGLEC8,0,0,0,0,0,0,0,0,0,missense;,0
SMARCA1,0,0,0,0,0,0,0,0,0,0,0
SMARCA2,0,0,0,0,0,0,0,0,0,0,0
SMARCD1,0,0,0,0,0,0,0,missense;,0,0,0
SNCAIP,0,0,0,0,0,0,0,0,0,0,0
SOCS1,0,0,0,0,0,0,0,0,0,0,0
SOX3,0,0,0,0,0,0,0,0,0,0,0
SPEN,0,0,stopgain;,0,0,0,0,0,0,0,0
SPTA1,missense;,0,0,0,0,0,0,0,0,0,0
STAG2,0,0,0,0,0,0,0,0,0,0,0
STK3,0,0,0,missense;,0,0,0,0,0,0,0
THAP11,0,0,0,0,0,0,0,0,0,0,nonframeshift_deletion;
TMPRSS2,0,0,missense;,0,0,0,0,0,0,0,0
TOP2A,0,0,0,0,0,0,0,0,0,0,0
TSC1,0,0,0,missense;,0,0,0,0,0,0,0
TSC2,0,0,0,0,0,0,0,0,0,0,0
TSHR,0,0,0,0,0,0,0,0,0,0,missense;
TUBA4A,0,0,0,0,0,0,0,0,0,0,0
TUBA8,0,0,0,0,0,0,0,0,0,0,0
TUBB1,0,0,0,0,0,0,0,missense;,0,0,0
TUBB2A,0,0,0,0,0,0,0,0,0,0,0
TUBB4B,0,0,0,missense;,0,0,0,0,0,0,0
TUBE1,0,0,0,0,0,0,0,0,0,0,0
UGT1A8,0,0,0,missense;,0,0,0,0,0,0,0
WNT1,0,0,0,0,0,0,0,0,0,0,0
XIAP,0,0,0,0,0,0,0,missense;,0,0,0
XPO1,0,0,0,0,0,0,0,0,0,0,0
